epoch,time,train/box_loss,train/seg_loss,train/cls_loss,train/dfl_loss,metrics/precision(B),metrics/recall(B),metrics/mAP50(B),metrics/mAP50-95(B),metrics/precision(M),metrics/recall(M),metrics/mAP50(M),metrics/mAP50-95(M),val/box_loss,val/seg_loss,val/cls_loss,val/dfl_loss,lr/pg0,lr/pg1,lr/pg2
1,1.91727,4.21724,8.06726,14.6265,2.35965,0,0,0,0,0,0,0,0,3.95823,6.82302,10.1682,2.05625,1.429e-05,1.429e-05,1.429e-05
2,3.13514,4.64639,7.84748,15.3937,2.54562,0,0,0,0,0,0,0,0,3.93958,6.89943,10.2413,2.06944,4.28276e-05,4.28276e-05,4.28276e-05
3,4.40732,4.58141,8.85405,16.4028,2.54778,0,0,0,0,0,0,0,0,3.92883,6.94554,10.3283,2.08156,7.13085e-05,7.13085e-05,7.13085e-05
4,5.54379,4.35486,8.616,15.3094,2.49419,0,0,0,0,0,0,0,0,3.94108,7.04268,10.4055,2.09513,9.97329e-05,9.97329e-05,9.97329e-05
5,6.71128,4.84813,8.61851,16.8477,2.59682,5e-05,0.01149,3e-05,1e-05,0.0001,0.02299,6e-05,2e-05,3.79532,5.28667,7.78968,1.92773,0.000128101,0.000128101,0.000128101
6,8.07436,3.78469,4.89022,7.6135,1.77892,0.08514,0.18084,0.05912,0.01667,0.41666,0.16897,0.06744,0.01719,3.17639,4.08128,4.83386,1.35105,0.000156412,0.000156412,0.000156412
7,9.41173,3.03935,4.04255,4.06802,1.33515,0.30701,0.42262,0.32301,0.10806,0.24378,0.41673,0.23381,0.08844,2.57848,3.77959,14.7508,1.21588,0.000184667,0.000184667,0.000184667
8,10.7669,2.79867,4.21682,4.37378,1.22813,0.2892,0.60307,0.35001,0.14076,0.31474,0.60307,0.32907,0.08062,2.46139,3.8157,4.56504,1.18891,0.000212865,0.000212865,0.000212865
9,12.1018,2.53297,3.52773,2.89078,1.18407,0.71194,0.41111,0.47536,0.18574,0.72664,0.4,0.47027,0.11736,2.32795,3.55786,5.04915,1.14855,0.000241006,0.000241006,0.000241006
10,13.4244,2.45639,3.46815,2.77607,1.17639,0.7349,0.51111,0.63529,0.22729,0.73808,0.53333,0.60585,0.16998,2.41694,3.43781,5.73869,1.19219,0.000269091,0.000269091,0.000269091
11,14.7311,2.56578,3.36673,2.32134,1.12566,0.73377,0.56722,0.62243,0.2279,0.54903,0.68276,0.5838,0.16774,2.39726,3.43013,3.21659,1.18612,0.000297119,0.000297119,0.000297119
12,16.0482,2.41802,3.32112,2.04731,1.10773,0.51292,0.75945,0.64169,0.26597,0.55721,0.75675,0.64114,0.21443,2.22748,3.07801,2.43686,1.12393,0.000325091,0.000325091,0.000325091
13,17.3394,2.38688,3.13627,2.0399,1.0949,0.51264,0.64345,0.61564,0.25843,0.53149,0.64122,0.5904,0.17791,2.23617,3.28929,2.88095,1.11933,0.000353006,0.000353006,0.000353006
14,18.641,2.3919,3.05802,1.83582,1.0758,0.504,0.74061,0.57493,0.23622,0.48068,0.68391,0.56084,0.17915,2.31203,3.1163,3.21763,1.15062,0.000380864,0.000380864,0.000380864
15,19.9408,2.12214,2.79194,1.70785,1.07839,0.35929,0.40764,0.26714,0.08625,0.38216,0.42596,0.285,0.08895,2.67297,3.54206,3.51495,1.26934,0.000408666,0.000408666,0.000408666
16,21.2067,2.32385,2.81115,1.76732,1.09956,0.65944,0.57302,0.60024,0.16599,0.70097,0.60673,0.65457,0.18,2.54144,3.14865,2.67542,1.19694,0.000436412,0.000436412,0.000436412
17,22.4814,2.22144,2.85483,1.63551,1.0533,0.76502,0.6931,0.67578,0.22498,0.71736,0.67011,0.63537,0.2117,2.2754,2.87181,2.52921,1.1202,0.0004641,0.0004641,0.0004641
18,23.802,2.1681,2.63703,1.58236,1.09251,0.6262,0.61571,0.63503,0.28626,0.53233,0.71312,0.61517,0.24112,1.97378,2.74919,3.08702,1.05565,0.000491732,0.000491732,0.000491732
19,25.1144,1.89423,2.58596,1.41059,1.05268,0.55497,0.68677,0.62628,0.25858,0.57706,0.71425,0.6488,0.24279,2.08102,2.68148,2.62217,1.08411,0.000519308,0.000519308,0.000519308
20,26.7794,1.96624,2.875,1.36706,1.02037,0.81204,0.65873,0.6997,0.28246,0.85492,0.68118,0.74784,0.28223,2.16645,2.77072,1.92493,1.1157,0.000546827,0.000546827,0.000546827
21,29.8318,1.91467,2.81074,1.28221,1.03321,0.86447,0.73598,0.80704,0.33973,0.87882,0.75168,0.81826,0.27562,2.13162,2.59497,1.57535,1.13424,0.000574289,0.000574289,0.000574289
22,32.7079,2.05406,2.7241,1.43237,1.01159,0.77255,0.72707,0.78978,0.33731,0.71317,0.81322,0.77621,0.27794,2.08827,2.52885,1.31105,1.14215,0.000601695,0.000601695,0.000601695
23,35.4455,2.07483,2.73274,1.27608,1.01249,0.80638,0.8296,0.86069,0.387,0.76003,0.7691,0.80551,0.31401,1.97854,2.4868,1.28189,1.0767,0.000629044,0.000629044,0.000629044
24,38.2099,1.95061,2.50951,1.19599,0.98982,0.83841,0.80556,0.89122,0.39246,0.84953,0.8182,0.88897,0.34499,1.93226,2.69912,1.1863,1.05413,0.000656337,0.000656337,0.000656337
25,41.0266,1.84283,2.69113,1.35226,1.00726,0.74504,0.82903,0.84505,0.39331,0.71563,0.79532,0.74713,0.29036,1.94682,3.60668,1.22435,1.03627,0.000683573,0.000683573,0.000683573
26,42.6532,1.89961,2.79078,1.30126,1.00771,0.81954,0.70783,0.83232,0.36111,0.72604,0.78706,0.81754,0.3172,1.98753,2.70092,1.21772,1.04472,0.000710752,0.000710752,0.000710752
27,43.9348,1.98252,2.66146,1.30041,1.01546,0.86849,0.80323,0.88101,0.38363,0.87788,0.8272,0.8837,0.32019,2.04463,2.41246,1.19243,1.07966,0.000737875,0.000737875,0.000737875
28,45.1868,1.91466,2.5449,1.46148,0.98064,0.86849,0.80323,0.88101,0.38363,0.87788,0.8272,0.8837,0.32019,2.04463,2.41246,1.19243,1.07966,0.000764942,0.000764942,0.000764942
29,46.4969,2.00744,2.68697,1.42987,0.98066,0.85043,0.70664,0.83786,0.35054,0.78548,0.7048,0.80736,0.2582,2.13885,2.72323,1.10748,1.13043,0.000791951,0.000791951,0.000791951
30,47.7729,2.00533,2.71328,1.1623,0.99474,0.74253,0.66271,0.73103,0.27054,0.79831,0.758,0.84638,0.25214,2.3686,3.14685,1.19764,1.24129,0.000818904,0.000818904,0.000818904
31,49.0166,1.95481,2.42076,1.17226,0.98531,0.74253,0.66271,0.73103,0.27054,0.79831,0.758,0.84638,0.25214,2.3686,3.14685,1.19764,1.24129,0.000845801,0.000845801,0.000845801
32,50.3529,1.8341,2.47141,1.11302,0.98433,0.65473,0.7179,0.69632,0.24797,0.75312,0.84956,0.85679,0.28424,2.46264,2.96744,1.58629,1.28716,0.000872641,0.000872641,0.000872641
33,51.6045,1.82106,2.34648,1.14311,1.00217,0.80043,0.8327,0.87659,0.35262,0.81481,0.88651,0.86278,0.32214,2.10722,2.27627,0.99967,1.09387,0.000899424,0.000899424,0.000899424
34,52.8646,1.86534,2.45169,1.09309,0.98419,0.80043,0.8327,0.87659,0.35262,0.81481,0.88651,0.86278,0.32214,2.10722,2.27627,0.99967,1.09387,0.000926151,0.000926151,0.000926151
35,54.1253,1.87332,2.33434,1.01244,0.9833,0.91577,0.85883,0.94022,0.48131,0.90873,0.85903,0.92811,0.37684,1.75321,2.15068,0.96957,0.98095,0.000952821,0.000952821,0.000952821
36,55.452,1.79998,2.35679,1.07486,0.96994,0.84663,0.79322,0.87134,0.4055,0.70526,0.71839,0.71523,0.2294,1.91614,3.0726,1.25152,1.01002,0.000979434,0.000979434,0.000979434
37,56.7323,1.94841,2.81993,1.12248,0.98043,0.84663,0.79322,0.87134,0.4055,0.70526,0.71839,0.71523,0.2294,1.91614,3.0726,1.25152,1.01002,0.00100599,0.00100599,0.00100599
38,58.0006,1.81358,2.77265,1.03144,1.03204,0.91262,0.7518,0.89293,0.45702,0.77231,0.83338,0.87328,0.35775,1.64505,2.24605,0.99128,0.96654,0.00103249,0.00103249,0.00103249
39,59.279,1.85233,2.48034,0.99443,0.96522,0.87621,0.8536,0.89961,0.40123,0.78342,0.81264,0.84689,0.31493,1.90014,3.07885,1.10852,1.01919,0.00105894,0.00105894,0.00105894
40,60.5779,1.93011,2.71503,1.01875,1.02712,0.87621,0.8536,0.89961,0.40123,0.78342,0.81264,0.84689,0.31493,1.90014,3.07885,1.10852,1.01919,0.00108532,0.00108532,0.00108532
41,61.8266,1.95941,2.60227,1.05331,1.00086,0.8717,0.90519,0.9415,0.46956,0.824,0.85249,0.89262,0.361,1.71036,2.5888,1.02517,0.99139,0.00111165,0.00111165,0.00111165
42,63.1421,1.77226,2.51908,1.02827,0.95611,0.8477,0.80879,0.89179,0.42492,0.77182,0.71274,0.75139,0.24752,1.81611,2.87463,1.06472,1.00559,0.00113793,0.00113793,0.00113793
43,64.4244,1.9272,2.65913,1.06749,0.96894,0.8477,0.80879,0.89179,0.42492,0.77182,0.71274,0.75139,0.24752,1.81611,2.87463,1.06472,1.00559,0.00116414,0.00116414,0.00116414
44,65.6798,1.95915,2.58987,1.01151,0.98315,0.87564,0.82747,0.91569,0.48391,0.84681,0.79479,0.8398,0.35839,1.66717,2.47118,0.90717,0.97797,0.00119031,0.00119031,0.00119031
45,66.9234,1.99356,2.45709,1.01043,0.95397,0.87564,0.82747,0.91569,0.48391,0.84681,0.79479,0.8398,0.35839,1.66717,2.47118,0.90717,0.97797,0.00121641,0.00121641,0.00121641
46,68.1751,1.93853,2.48699,1.08584,0.9843,0.90588,0.89483,0.93349,0.44453,0.93442,0.9176,0.96181,0.44443,1.81977,2.57757,0.9343,1.02104,0.00124246,0.00124246,0.00124246
47,69.5013,1.76831,2.41072,0.93888,0.98632,0.90588,0.89483,0.93349,0.44453,0.93442,0.9176,0.96181,0.44443,1.81977,2.57757,0.9343,1.02104,0.00126845,0.00126845,0.00126845
48,70.8335,1.90208,2.69396,0.94535,1.01616,0.89623,0.92417,0.93862,0.50017,0.90959,0.9355,0.95513,0.46714,1.63631,2.13752,0.8518,0.97087,0.00129438,0.00129438,0.00129438
49,72.1555,1.93404,2.48016,0.97964,0.98513,0.89623,0.92417,0.93862,0.50017,0.90959,0.9355,0.95513,0.46714,1.63631,2.13752,0.8518,0.97087,0.00132026,0.00132026,0.00132026
50,73.4561,1.85869,2.54471,0.95847,0.95712,0.80584,0.85274,0.89937,0.49491,0.78328,0.82038,0.8368,0.29432,1.60011,2.48017,0.91536,0.95411,0.00134608,0.00134608,0.00134608
51,74.7322,1.87859,2.64536,1.0506,0.97786,0.80584,0.85274,0.89937,0.49491,0.78328,0.82038,0.8368,0.29432,1.60011,2.48017,0.91536,0.95411,0.00135826,0.00135826,0.00135826
52,76.0681,1.8153,2.62016,0.95631,0.97831,0.90488,0.85276,0.93725,0.52503,0.83932,0.85656,0.88838,0.36077,1.51628,2.24996,0.86049,0.94186,0.00135685,0.00135685,0.00135685
53,77.3215,1.75579,2.5294,0.86524,0.94963,0.90488,0.85276,0.93725,0.52503,0.83932,0.85656,0.88838,0.36077,1.51628,2.24996,0.86049,0.94186,0.00135544,0.00135544,0.00135544
54,78.6022,1.62452,2.61927,0.94329,0.96382,0.88248,0.8981,0.91521,0.41815,0.87141,0.88459,0.87452,0.36399,1.88693,2.59636,0.92521,1.02099,0.00135402,0.00135402,0.00135402
55,79.8738,1.86904,2.39827,0.93071,1.00206,0.88248,0.8981,0.91521,0.41815,0.87141,0.88459,0.87452,0.36399,1.88693,2.59636,0.92521,1.02099,0.00135261,0.00135261,0.00135261
56,81.1291,1.96627,2.49942,0.91936,0.97242,0.88273,0.91589,0.95287,0.52402,0.85102,0.8856,0.89055,0.41263,1.52898,2.2804,0.80325,0.94026,0.00135119,0.00135119,0.00135119
57,82.3646,1.69633,2.46697,0.89002,0.94502,0.88273,0.91589,0.95287,0.52402,0.85102,0.8856,0.89055,0.41263,1.52898,2.2804,0.80325,0.94026,0.00134978,0.00134978,0.00134978
58,83.6271,1.60978,2.46352,0.88958,0.91805,0.85854,0.8751,0.91397,0.4702,0.82588,0.7976,0.79318,0.24818,1.67942,2.18151,0.84492,0.96791,0.00134836,0.00134836,0.00134836
59,84.8871,1.75466,2.15481,1.02626,0.96224,0.85854,0.8751,0.91397,0.4702,0.82588,0.7976,0.79318,0.24818,1.67942,2.18151,0.84492,0.96791,0.00134695,0.00134695,0.00134695
60,86.1595,1.73599,2.33022,1.01838,0.91146,0.7575,0.93142,0.90917,0.40347,0.67669,0.80802,0.75401,0.1965,1.78638,2.26641,0.90534,0.99487,0.00134553,0.00134553,0.00134553
61,87.39,1.82542,2.13263,0.93218,0.97451,0.7575,0.93142,0.90917,0.40347,0.67669,0.80802,0.75401,0.1965,1.78638,2.26641,0.90534,0.99487,0.00134412,0.00134412,0.00134412
62,88.7126,1.61367,2.27077,0.8386,0.91736,0.86829,0.92145,0.95496,0.5357,0.84978,0.896,0.90713,0.31801,1.55301,2.10577,0.77045,0.95401,0.0013427,0.0013427,0.0013427
63,89.9612,1.72128,2.19097,0.88256,0.9246,0.86829,0.92145,0.95496,0.5357,0.84978,0.896,0.90713,0.31801,1.55301,2.10577,0.77045,0.95401,0.00134129,0.00134129,0.00134129
64,91.2142,1.73019,2.28054,0.91106,0.94898,0.88638,0.95546,0.96878,0.50723,0.85696,0.90376,0.89768,0.39646,1.64427,2.24953,0.95462,0.97374,0.00133987,0.00133987,0.00133987
65,92.4686,1.64514,2.21909,0.83998,0.95334,0.88638,0.95546,0.96878,0.50723,0.85696,0.90376,0.89768,0.39646,1.64427,2.24953,0.95462,0.97374,0.00133846,0.00133846,0.00133846
66,93.729,1.87534,2.20673,0.87826,0.99552,0.85686,0.94445,0.95657,0.53902,0.8301,0.89477,0.88141,0.34747,1.50007,2.26455,0.89869,0.94753,0.00133704,0.00133704,0.00133704
67,94.9998,1.74183,2.13603,0.90924,0.96701,0.85686,0.94445,0.95657,0.53902,0.8301,0.89477,0.88141,0.34747,1.50007,2.26455,0.89869,0.94753,0.00133563,0.00133563,0.00133563
68,96.2715,1.84457,2.20937,0.8796,0.96005,0.85088,0.82192,0.9043,0.47069,0.78178,0.75372,0.80532,0.28862,1.60349,2.11469,0.83558,0.95449,0.00133421,0.00133421,0.00133421
69,97.5226,1.58612,2.02384,0.87631,0.93215,0.85088,0.82192,0.9043,0.47069,0.78178,0.75372,0.80532,0.28862,1.60349,2.11469,0.83558,0.95449,0.0013328,0.0013328,0.0013328
70,98.7898,1.7414,2.30063,0.87928,0.92972,0.88032,0.8633,0.90387,0.39145,0.75641,0.72999,0.68662,0.20279,1.77317,2.01077,0.93065,0.98397,0.00133139,0.00133139,0.00133139
71,100.065,1.76884,1.86293,0.85365,0.95979,0.88032,0.8633,0.90387,0.39145,0.75641,0.72999,0.68662,0.20279,1.77317,2.01077,0.93065,0.98397,0.00132997,0.00132997,0.00132997
72,101.392,1.73051,2.11718,0.87119,0.93253,0.86649,0.88697,0.92721,0.4521,0.79759,0.83267,0.82232,0.26011,1.69014,1.88621,0.89779,0.97461,0.00132856,0.00132856,0.00132856
73,102.642,1.51853,1.80398,0.89123,0.96311,0.86649,0.88697,0.92721,0.4521,0.79759,0.83267,0.82232,0.26011,1.69014,1.88621,0.89779,0.97461,0.00132714,0.00132714,0.00132714
74,103.92,1.73932,2.12865,0.89653,0.94927,0.93145,0.89073,0.95572,0.53112,0.91838,0.87955,0.93607,0.39105,1.58176,1.98985,0.7583,0.95273,0.00132573,0.00132573,0.00132573
75,105.154,1.57938,2.13766,0.86678,0.90487,0.93145,0.89073,0.95572,0.53112,0.91838,0.87955,0.93607,0.39105,1.58176,1.98985,0.7583,0.95273,0.00132431,0.00132431,0.00132431
76,106.431,1.59354,2.09794,0.83677,0.93383,0.9388,0.91796,0.96474,0.56534,0.92569,0.9068,0.9446,0.43428,1.49714,1.84262,0.74749,0.93315,0.0013229,0.0013229,0.0013229
77,107.748,1.77113,2.01786,0.89364,0.96782,0.9388,0.91796,0.96474,0.56534,0.92569,0.9068,0.9446,0.43428,1.49714,1.84262,0.74749,0.93315,0.00132148,0.00132148,0.00132148
78,109.039,1.67798,2.03473,0.84265,0.93838,0.93516,0.9188,0.9665,0.58714,0.90659,0.89596,0.93471,0.41208,1.37342,2.08657,0.69386,0.91097,0.00132007,0.00132007,0.00132007
79,110.307,1.71905,2.0777,0.84681,0.92498,0.93516,0.9188,0.9665,0.58714,0.90659,0.89596,0.93471,0.41208,1.37342,2.08657,0.69386,0.91097,0.00131865,0.00131865,0.00131865
80,111.564,1.64188,2.11391,0.83609,0.95547,0.90865,0.93381,0.95355,0.56905,0.88461,0.91992,0.91146,0.43225,1.42895,1.84913,0.69002,0.91815,0.00131724,0.00131724,0.00131724
81,112.8,1.53439,1.93912,0.79368,0.91104,0.90865,0.93381,0.95355,0.56905,0.88461,0.91992,0.91146,0.43225,1.42895,1.84913,0.69002,0.91815,0.00131582,0.00131582,0.00131582
82,114.112,1.53799,1.75398,0.80051,0.90977,0.93034,0.93142,0.95769,0.54868,0.91457,0.92003,0.94777,0.43705,1.52424,1.84207,0.75074,0.93228,0.00131441,0.00131441,0.00131441
83,115.41,1.5739,2.01857,0.76004,0.93735,0.93034,0.93142,0.95769,0.54868,0.91457,0.92003,0.94777,0.43705,1.52424,1.84207,0.75074,0.93228,0.00131299,0.00131299,0.00131299
84,116.663,1.57251,1.95817,0.80242,0.93592,0.90317,0.95441,0.96097,0.59447,0.86166,0.92031,0.91195,0.41869,1.38145,1.63477,0.7132,0.911,0.00131158,0.00131158,0.00131158
85,117.944,1.66356,2.03022,0.80801,0.91714,0.90317,0.95441,0.96097,0.59447,0.86166,0.92031,0.91195,0.41869,1.38145,1.63477,0.7132,0.911,0.00131016,0.00131016,0.00131016
86,119.239,1.6994,2.07704,0.83357,0.93545,0.93317,0.95441,0.97244,0.60771,0.89768,0.92031,0.92373,0.4541,1.35426,1.6368,0.66846,0.90631,0.00130875,0.00130875,0.00130875
87,120.52,1.58542,2.03407,0.81732,0.92108,0.93317,0.95441,0.97244,0.60771,0.89768,0.92031,0.92373,0.4541,1.35426,1.6368,0.66846,0.90631,0.00130733,0.00130733,0.00130733
88,121.839,1.60036,2.19448,0.82869,0.92784,0.95993,0.92418,0.96566,0.59557,0.93585,0.90165,0.92713,0.45819,1.39722,1.67459,0.68054,0.92029,0.00130592,0.00130592,0.00130592
89,123.092,1.46502,1.90999,0.76172,0.90199,0.95993,0.92418,0.96566,0.59557,0.93585,0.90165,0.92713,0.45819,1.39722,1.67459,0.68054,0.92029,0.00130451,0.00130451,0.00130451
90,124.349,1.50497,1.85777,0.79693,0.9539,0.93979,0.91972,0.95937,0.63646,0.92776,0.91378,0.95342,0.45078,1.30429,1.62681,0.65196,0.90398,0.00130309,0.00130309,0.00130309
91,125.681,1.50453,1.92941,0.76529,0.88173,0.93979,0.91972,0.95937,0.63646,0.92776,0.91378,0.95342,0.45078,1.30429,1.62681,0.65196,0.90398,0.00130168,0.00130168,0.00130168
92,127.047,1.59934,2.04582,0.80326,0.94921,0.97813,0.90454,0.95925,0.62081,0.92993,0.86019,0.90747,0.40554,1.32888,1.72284,0.66923,0.90069,0.00130026,0.00130026,0.00130026
93,128.281,1.52716,1.94917,0.76899,0.88994,0.97813,0.90454,0.95925,0.62081,0.92993,0.86019,0.90747,0.40554,1.32888,1.72284,0.66923,0.90069,0.00129885,0.00129885,0.00129885
94,129.52,1.4874,1.74781,0.73237,0.92122,0.94001,0.93853,0.97612,0.61627,0.91613,0.91629,0.94298,0.44191,1.36398,1.74662,0.7102,0.89773,0.00129743,0.00129743,0.00129743
95,130.779,1.5063,1.91924,0.75047,0.95322,0.94001,0.93853,0.97612,0.61627,0.91613,0.91629,0.94298,0.44191,1.36398,1.74662,0.7102,0.89773,0.00129602,0.00129602,0.00129602
96,132.043,1.65096,2.09985,0.83027,0.88125,0.9596,0.95897,0.98128,0.60788,0.93675,0.93649,0.94607,0.37207,1.33896,2.0215,0.70632,0.8986,0.0012946,0.0012946,0.0012946
97,133.326,1.37722,1.9746,0.71423,0.92355,0.9596,0.95897,0.98128,0.60788,0.93675,0.93649,0.94607,0.37207,1.33896,2.0215,0.70632,0.8986,0.00129319,0.00129319,0.00129319
98,134.563,1.50201,1.87048,0.72322,0.88932,0.96713,0.97486,0.98071,0.61682,0.96713,0.97486,0.98071,0.44726,1.29766,1.63654,0.70606,0.89614,0.00129177,0.00129177,0.00129177
99,135.825,1.54761,1.73859,0.74721,0.92614,0.96713,0.97486,0.98071,0.61682,0.96713,0.97486,0.98071,0.44726,1.29766,1.63654,0.70606,0.89614,0.00129036,0.00129036,0.00129036
100,137.12,1.57556,1.89669,0.77003,0.912,0.95871,0.9753,0.97981,0.59117,0.94722,0.96433,0.96793,0.47254,1.4168,1.78201,0.75019,0.92006,0.00128894,0.00128894,0.00128894
101,138.375,1.46476,1.88474,0.70741,0.93596,0.95871,0.9753,0.97981,0.59117,0.94722,0.96433,0.96793,0.47254,1.4168,1.78201,0.75019,0.92006,0.00128753,0.00128753,0.00128753
102,139.679,1.53383,1.94237,0.74589,0.8994,0.96099,0.96096,0.97967,0.62253,0.92839,0.92546,0.94734,0.42593,1.30744,1.65533,0.70733,0.90917,0.00128611,0.00128611,0.00128611
103,140.943,1.46731,1.78325,0.73129,0.86942,0.96099,0.96096,0.97967,0.62253,0.92839,0.92546,0.94734,0.42593,1.30744,1.65533,0.70733,0.90917,0.0012847,0.0012847,0.0012847
104,142.213,1.48299,1.92846,0.76092,0.86221,0.96825,0.97456,0.98153,0.62134,0.93386,0.94097,0.9468,0.41345,1.29968,1.65442,0.68789,0.90122,0.00128328,0.00128328,0.00128328
105,143.468,1.35362,1.78346,0.72765,0.90958,0.96825,0.97456,0.98153,0.62134,0.93386,0.94097,0.9468,0.41345,1.29968,1.65442,0.68789,0.90122,0.00128187,0.00128187,0.00128187
106,144.73,1.41521,1.80174,0.75272,0.87064,0.94464,0.95636,0.98298,0.63301,0.93208,0.94498,0.97872,0.49228,1.28914,1.65262,0.64249,0.90449,0.00128046,0.00128046,0.00128046
107,146.027,1.47272,1.84594,0.68785,0.88345,0.94464,0.95636,0.98298,0.63301,0.93208,0.94498,0.97872,0.49228,1.28914,1.65262,0.64249,0.90449,0.00127904,0.00127904,0.00127904
108,147.365,1.3772,1.82912,0.72197,0.90917,0.95628,0.93514,0.98264,0.61014,0.95922,0.88621,0.97052,0.49247,1.30899,1.49949,0.64154,0.91328,0.00127763,0.00127763,0.00127763
109,148.586,1.5697,1.90341,0.78708,0.93366,0.95628,0.93514,0.98264,0.61014,0.95922,0.88621,0.97052,0.49247,1.30899,1.49949,0.64154,0.91328,0.00127621,0.00127621,0.00127621
110,149.835,1.64698,2.24111,0.74324,0.90306,0.94501,0.93659,0.98258,0.61835,0.97348,0.88874,0.96851,0.47988,1.27638,1.48906,0.638,0.90098,0.0012748,0.0012748,0.0012748
111,151.11,1.30264,1.86432,0.66016,0.86732,0.94501,0.93659,0.98258,0.61835,0.97348,0.88874,0.96851,0.47988,1.27638,1.48906,0.638,0.90098,0.00127338,0.00127338,0.00127338
112,152.424,1.49244,1.98305,0.74855,0.91829,0.94288,0.92205,0.97676,0.62481,0.94098,0.88582,0.9512,0.45416,1.27192,1.62423,0.65801,0.88978,0.00127197,0.00127197,0.00127197
113,153.664,1.54444,1.83253,0.81669,0.95219,0.94288,0.92205,0.97676,0.62481,0.94098,0.88582,0.9512,0.45416,1.27192,1.62423,0.65801,0.88978,0.00127055,0.00127055,0.00127055
114,154.906,1.38884,1.68526,0.71681,0.92106,0.96704,0.93142,0.97975,0.59681,0.8888,0.86322,0.90257,0.36756,1.39429,1.60779,0.67097,0.9004,0.00126914,0.00126914,0.00126914
115,156.14,1.37475,1.92018,0.68406,0.89504,0.96704,0.93142,0.97975,0.59681,0.8888,0.86322,0.90257,0.36756,1.39429,1.60779,0.67097,0.9004,0.00126772,0.00126772,0.00126772
116,157.396,1.39332,1.72547,0.73095,0.94311,0.99068,0.92809,0.97971,0.61016,0.94877,0.89389,0.93768,0.42419,1.32234,1.5811,0.67576,0.89633,0.00126631,0.00126631,0.00126631
117,158.634,1.39786,1.80809,0.67015,0.88678,0.99068,0.92809,0.97971,0.61016,0.94877,0.89389,0.93768,0.42419,1.32234,1.5811,0.67576,0.89633,0.00126489,0.00126489,0.00126489
118,159.901,1.3497,1.83894,0.71578,0.90301,0.93378,0.98125,0.98467,0.63567,0.92234,0.97,0.96949,0.48153,1.19494,1.4847,0.61628,0.87503,0.00126348,0.00126348,0.00126348
119,161.163,1.35694,1.73239,0.68442,0.89654,0.93378,0.98125,0.98467,0.63567,0.92234,0.97,0.96949,0.48153,1.19494,1.4847,0.61628,0.87503,0.00126206,0.00126206,0.00126206
120,162.416,1.4105,1.82465,0.70438,0.89199,0.9556,0.98889,0.98383,0.63598,0.94438,0.97739,0.96678,0.50877,1.23839,1.45169,0.59983,0.88388,0.00126065,0.00126065,0.00126065
121,163.705,1.33441,1.64134,0.63701,0.86652,0.9556,0.98889,0.98383,0.63598,0.94438,0.97739,0.96678,0.50877,1.23839,1.45169,0.59983,0.88388,0.00125923,0.00125923,0.00125923
122,165.038,1.37228,1.60511,0.67284,0.88361,0.96241,0.98616,0.98244,0.61749,0.94022,0.96385,0.9504,0.45463,1.30859,1.55432,0.61511,0.90446,0.00125782,0.00125782,0.00125782
123,166.308,1.42584,1.75864,0.70723,0.8896,0.96241,0.98616,0.98244,0.61749,0.94022,0.96385,0.9504,0.45463,1.30859,1.55432,0.61511,0.90446,0.00125641,0.00125641,0.00125641
124,167.56,1.36318,1.81306,0.6866,0.91433,0.96363,0.98444,0.98068,0.63451,0.95232,0.97305,0.96343,0.49209,1.23361,1.53079,0.6065,0.88584,0.00125499,0.00125499,0.00125499
125,168.802,1.4223,1.87436,0.65346,0.9083,0.96363,0.98444,0.98068,0.63451,0.95232,0.97305,0.96343,0.49209,1.23361,1.53079,0.6065,0.88584,0.00125358,0.00125358,0.00125358
126,170.065,1.38545,1.62855,0.67599,0.85303,0.96266,0.97409,0.9804,0.63671,0.91827,0.92947,0.93032,0.46927,1.2134,1.35378,0.61251,0.8747,0.00125216,0.00125216,0.00125216
127,171.325,1.41349,1.67408,0.73169,0.86944,0.96266,0.97409,0.9804,0.63671,0.91827,0.92947,0.93032,0.46927,1.2134,1.35378,0.61251,0.8747,0.00125075,0.00125075,0.00125075
128,172.607,1.31921,1.56941,0.68314,0.89329,0.96281,0.97564,0.98182,0.64157,0.92945,0.94221,0.93169,0.44238,1.20904,1.33856,0.59382,0.87624,0.00124933,0.00124933,0.00124933
129,173.862,1.42166,1.67961,0.65182,0.87144,0.96281,0.97564,0.98182,0.64157,0.92945,0.94221,0.93169,0.44238,1.20904,1.33856,0.59382,0.87624,0.00124792,0.00124792,0.00124792
130,175.117,1.35182,1.65019,0.63652,0.88218,0.96206,0.98657,0.98289,0.62867,0.95078,0.97531,0.96676,0.53756,1.14332,1.38652,0.59379,0.86621,0.0012465,0.0012465,0.0012465
131,176.401,1.3205,1.62927,0.66749,0.87603,0.96206,0.98657,0.98289,0.62867,0.95078,0.97531,0.96676,0.53756,1.14332,1.38652,0.59379,0.86621,0.00124509,0.00124509,0.00124509
132,177.735,1.45954,1.99224,0.70653,0.91557,0.95686,0.98889,0.98329,0.65025,0.9456,0.97739,0.96953,0.49927,1.17286,1.39885,0.58761,0.86783,0.00124367,0.00124367,0.00124367
133,178.967,1.32263,1.61904,0.64397,0.9106,0.95686,0.98889,0.98329,0.65025,0.9456,0.97739,0.96953,0.49927,1.17286,1.39885,0.58761,0.86783,0.00124226,0.00124226,0.00124226
134,180.233,1.33872,1.59246,0.6489,0.90459,0.96472,0.96617,0.97797,0.58638,0.88416,0.92268,0.91883,0.36394,1.48026,2.02053,0.65832,0.90901,0.00124084,0.00124084,0.00124084
135,181.522,1.44971,1.98753,0.66405,0.90257,0.96472,0.96617,0.97797,0.58638,0.88416,0.92268,0.91883,0.36394,1.48026,2.02053,0.65832,0.90901,0.00123943,0.00123943,0.00123943
136,182.791,1.47813,1.94118,0.66304,0.90552,0.96323,0.97739,0.98017,0.61843,0.9165,0.93419,0.94533,0.39936,1.42275,1.74956,0.6533,0.90741,0.00123801,0.00123801,0.00123801
137,184.075,1.36356,1.53638,0.68667,0.89301,0.96323,0.97739,0.98017,0.61843,0.9165,0.93419,0.94533,0.39936,1.42275,1.74956,0.6533,0.90741,0.0012366,0.0012366,0.0012366
138,185.337,1.34758,1.83074,0.70146,0.92174,0.98201,0.96085,0.97953,0.62353,0.94409,0.92673,0.94775,0.47042,1.30359,1.76538,0.63553,0.89328,0.00123518,0.00123518,0.00123518
139,186.566,1.40516,1.75294,0.66012,0.90367,0.98201,0.96085,0.97953,0.62353,0.94409,0.92673,0.94775,0.47042,1.30359,1.76538,0.63553,0.89328,0.00123377,0.00123377,0.00123377
140,187.834,1.32866,1.8622,0.67161,0.9021,0.96622,0.95958,0.97977,0.63863,0.94086,0.9367,0.96064,0.48755,1.27099,1.43812,0.62922,0.88478,0.00123236,0.00123236,0.00123236
141,189.104,1.2624,1.6727,0.64796,0.88567,0.96622,0.95958,0.97977,0.63863,0.94086,0.9367,0.96064,0.48755,1.27099,1.43812,0.62922,0.88478,0.00123094,0.00123094,0.00123094
142,190.378,1.24299,1.59634,0.663,0.91615,0.96283,0.94907,0.97898,0.64319,0.9366,0.92625,0.9517,0.43206,1.24029,1.57544,0.63488,0.87369,0.00122953,0.00122953,0.00122953
143,191.618,1.33488,1.70805,0.68174,0.90145,0.96283,0.94907,0.97898,0.64319,0.9366,0.92625,0.9517,0.43206,1.24029,1.57544,0.63488,0.87369,0.00122811,0.00122811,0.00122811
144,192.946,1.31354,1.65257,0.65637,0.87459,0.95852,0.96501,0.97877,0.62679,0.92251,0.93113,0.92535,0.42675,1.24879,1.73772,0.67454,0.88645,0.0012267,0.0012267,0.0012267
145,194.248,1.40748,1.78069,0.7111,0.89097,0.95852,0.96501,0.97877,0.62679,0.92251,0.93113,0.92535,0.42675,1.24879,1.73772,0.67454,0.88645,0.00122528,0.00122528,0.00122528
146,195.525,1.4152,1.9461,0.68001,0.90464,0.97242,0.95937,0.97774,0.64788,0.92635,0.92415,0.92178,0.45362,1.21346,1.61635,0.6069,0.88557,0.00122387,0.00122387,0.00122387
147,196.786,1.37102,1.66243,0.64545,0.87787,0.97242,0.95937,0.97774,0.64788,0.92635,0.92415,0.92178,0.45362,1.21346,1.61635,0.6069,0.88557,0.00122245,0.00122245,0.00122245
148,198.092,1.3611,1.70824,0.68687,0.90178,0.96886,0.9659,0.97827,0.68128,0.92027,0.91992,0.9154,0.48939,1.15243,1.39525,0.56913,0.87403,0.00122104,0.00122104,0.00122104
149,199.356,1.36087,1.68618,0.63694,0.8884,0.96886,0.9659,0.97827,0.68128,0.92027,0.91992,0.9154,0.48939,1.15243,1.39525,0.56913,0.87403,0.00121962,0.00121962,0.00121962
150,200.623,1.42987,1.67982,0.65515,0.87986,0.97138,0.95151,0.97781,0.66317,0.93018,0.95193,0.95798,0.50457,1.15177,1.3354,0.56671,0.86999,0.00121821,0.00121821,0.00121821
151,201.907,1.37175,1.79359,0.64195,0.86767,0.97138,0.95151,0.97781,0.66317,0.93018,0.95193,0.95798,0.50457,1.15177,1.3354,0.56671,0.86999,0.00121679,0.00121679,0.00121679
152,203.231,1.15281,1.40647,0.62746,0.87165,0.96504,0.95121,0.98015,0.67753,0.94008,0.92822,0.94872,0.42645,1.11531,1.55367,0.57359,0.86741,0.00121538,0.00121538,0.00121538
153,204.526,1.25456,1.4526,0.61894,0.87993,0.96504,0.95121,0.98015,0.67753,0.94008,0.92822,0.94872,0.42645,1.11531,1.55367,0.57359,0.86741,0.00121396,0.00121396,0.00121396
154,205.8,1.33488,1.59293,0.63018,0.87339,0.95652,0.95324,0.97939,0.66246,0.93248,0.93041,0.94877,0.34543,1.20881,1.87627,0.59469,0.87849,0.00121255,0.00121255,0.00121255
155,207.093,1.19641,1.54331,0.60101,0.87376,0.95652,0.95324,0.97939,0.66246,0.93248,0.93041,0.94877,0.34543,1.20881,1.87627,0.59469,0.87849,0.00121113,0.00121113,0.00121113
156,208.412,1.28965,1.70479,0.6555,0.84862,0.95631,0.94297,0.97829,0.67349,0.92053,0.90866,0.92654,0.42308,1.20764,1.58588,0.60383,0.88129,0.00120972,0.00120972,0.00120972
157,209.709,1.286,1.65584,0.66514,0.89203,0.95631,0.94297,0.97829,0.67349,0.92053,0.90866,0.92654,0.42308,1.20764,1.58588,0.60383,0.88129,0.00120831,0.00120831,0.00120831
158,211.004,1.31411,1.67411,0.64851,0.87544,0.95803,0.95503,0.97821,0.65514,0.9005,0.89854,0.90396,0.39139,1.23893,1.66203,0.62733,0.8835,0.00120689,0.00120689,0.00120689
159,212.289,1.2363,1.64559,0.61771,0.83787,0.95803,0.95503,0.97821,0.65514,0.9005,0.89854,0.90396,0.39139,1.23893,1.66203,0.62733,0.8835,0.00120548,0.00120548,0.00120548
160,213.613,1.20371,1.39402,0.61106,0.87104,0.96966,0.94291,0.97632,0.66118,0.89448,0.87433,0.88561,0.46355,1.1789,1.44744,0.59928,0.87456,0.00120406,0.00120406,0.00120406
161,214.912,1.26247,1.78878,0.63803,0.85346,0.96966,0.94291,0.97632,0.66118,0.89448,0.87433,0.88561,0.46355,1.1789,1.44744,0.59928,0.87456,0.00120265,0.00120265,0.00120265
162,216.258,1.28604,1.70488,0.6206,0.89297,0.97735,0.93914,0.9768,0.66554,0.93667,0.90494,0.94688,0.53861,1.13769,1.34569,0.57992,0.86558,0.00120123,0.00120123,0.00120123
163,217.578,1.20419,1.48556,0.61909,0.86968,0.97735,0.93914,0.9768,0.66554,0.93667,0.90494,0.94688,0.53861,1.13769,1.34569,0.57992,0.86558,0.00119982,0.00119982,0.00119982
164,218.916,1.21267,1.64531,0.61969,0.87134,0.94042,0.9635,0.9793,0.68471,0.90643,0.92115,0.95089,0.52086,1.07618,1.27296,0.55666,0.85686,0.0011984,0.0011984,0.0011984
165,220.249,1.2932,1.51188,0.62634,0.88501,0.94042,0.9635,0.9793,0.68471,0.90643,0.92115,0.95089,0.52086,1.07618,1.27296,0.55666,0.85686,0.00119699,0.00119699,0.00119699
166,221.612,1.28894,1.52014,0.6161,0.85733,0.9282,0.96614,0.97699,0.67749,0.86397,0.89466,0.90005,0.43079,1.13575,1.41324,0.59491,0.86506,0.00119557,0.00119557,0.00119557
167,222.92,1.23775,1.49667,0.62175,0.86272,0.9282,0.96614,0.97699,0.67749,0.86397,0.89466,0.90005,0.43079,1.13575,1.41324,0.59491,0.86506,0.00119416,0.00119416,0.00119416
168,224.215,1.24556,1.5462,0.6373,0.90006,0.93594,0.9659,0.979,0.7044,0.90184,0.9318,0.94796,0.4855,1.0504,1.32967,0.55183,0.85861,0.00119274,0.00119274,0.00119274
169,225.505,1.22489,1.55039,0.60969,0.86287,0.93594,0.9659,0.979,0.7044,0.90184,0.9318,0.94796,0.4855,1.0504,1.32967,0.55183,0.85861,0.00119133,0.00119133,0.00119133
170,226.805,1.16003,1.4782,0.56878,0.8551,0.96146,0.96062,0.98051,0.68859,0.93695,0.938,0.95511,0.47756,1.07379,1.36667,0.54649,0.86201,0.00118991,0.00118991,0.00118991
171,228.053,1.20832,1.56766,0.62176,0.83472,0.96146,0.96062,0.98051,0.68859,0.93695,0.938,0.95511,0.47756,1.07379,1.36667,0.54649,0.86201,0.0011885,0.0011885,0.0011885
172,229.357,1.21498,1.48683,0.62089,0.88307,0.95358,0.94695,0.98001,0.69593,0.92816,0.92404,0.95566,0.48972,1.05599,1.29051,0.54883,0.85419,0.00118708,0.00118708,0.00118708
173,230.624,1.172,1.55055,0.59612,0.87262,0.95358,0.94695,0.98001,0.69593,0.92816,0.92404,0.95566,0.48972,1.05599,1.29051,0.54883,0.85419,0.00118567,0.00118567,0.00118567
174,231.956,1.1702,1.47911,0.59997,0.86026,0.96026,0.96121,0.9837,0.69581,0.91139,0.91609,0.9182,0.48575,1.05225,1.36602,0.53892,0.85208,0.00118426,0.00118426,0.00118426
175,233.291,1.22637,1.49861,0.60852,0.83712,0.96026,0.96121,0.9837,0.69581,0.91139,0.91609,0.9182,0.48575,1.05225,1.36602,0.53892,0.85208,0.00118284,0.00118284,0.00118284
176,234.619,1.24387,1.55837,0.61586,0.86293,0.95394,0.98889,0.98582,0.68282,0.93805,0.89732,0.92466,0.49136,1.11178,1.51854,0.54803,0.86371,0.00118143,0.00118143,0.00118143
177,235.893,1.20277,1.4785,0.64021,0.87643,0.95394,0.98889,0.98582,0.68282,0.93805,0.89732,0.92466,0.49136,1.11178,1.51854,0.54803,0.86371,0.00118001,0.00118001,0.00118001
178,237.183,1.16114,1.493,0.62474,0.87737,0.95044,0.98382,0.98582,0.68424,0.92275,0.88621,0.91363,0.41262,1.10046,1.29502,0.53432,0.85447,0.0011786,0.0011786,0.0011786
179,238.518,1.16562,1.5056,0.60594,0.89057,0.95044,0.98382,0.98582,0.68424,0.92275,0.88621,0.91363,0.41262,1.10046,1.29502,0.53432,0.85447,0.00117718,0.00117718,0.00117718
180,239.832,1.1992,1.40646,0.60592,0.85816,0.98954,0.94042,0.9843,0.68373,0.90561,0.95441,0.94513,0.44221,1.12144,1.25223,0.55465,0.86038,0.00117577,0.00117577,0.00117577
181,241.146,1.09423,1.36155,0.5851,0.8763,0.98954,0.94042,0.9843,0.68373,0.90561,0.95441,0.94513,0.44221,1.12144,1.25223,0.55465,0.86038,0.00117435,0.00117435,0.00117435
182,242.485,1.19716,1.6542,0.57765,0.87923,0.94926,0.97259,0.98232,0.68965,0.91085,0.94685,0.95079,0.49283,1.09375,1.24919,0.54908,0.85593,0.00117294,0.00117294,0.00117294
183,243.794,1.19899,1.39594,0.6078,0.85934,0.94926,0.97259,0.98232,0.68965,0.91085,0.94685,0.95079,0.49283,1.09375,1.24919,0.54908,0.85593,0.00117152,0.00117152,0.00117152
184,245.087,1.13632,1.32745,0.58051,0.86148,0.95635,0.97739,0.98264,0.70847,0.92111,0.94291,0.93242,0.47809,1.06995,1.1831,0.52851,0.85399,0.00117011,0.00117011,0.00117011
185,246.378,1.04958,1.34009,0.55897,0.8596,0.95635,0.97739,0.98264,0.70847,0.92111,0.94291,0.93242,0.47809,1.06995,1.1831,0.52851,0.85399,0.00116869,0.00116869,0.00116869
186,247.618,1.15719,1.40051,0.61058,0.85159,0.93183,0.97739,0.97968,0.68087,0.88804,0.9318,0.90007,0.39748,1.09916,1.41636,0.55356,0.85341,0.00116728,0.00116728,0.00116728
187,248.855,1.20649,1.51051,0.59741,0.87245,0.93183,0.97739,0.97968,0.68087,0.88804,0.9318,0.90007,0.39748,1.09916,1.41636,0.55356,0.85341,0.00116586,0.00116586,0.00116586
188,250.12,1.2831,1.66982,0.61948,0.854,0.94551,0.96664,0.97924,0.70251,0.88809,0.92031,0.88763,0.41671,1.04412,1.28677,0.56582,0.84753,0.00116445,0.00116445,0.00116445
189,251.36,1.21606,1.67979,0.61783,0.88627,0.94551,0.96664,0.97924,0.70251,0.88809,0.92031,0.88763,0.41671,1.04412,1.28677,0.56582,0.84753,0.00116303,0.00116303,0.00116303
190,252.648,1.30184,1.69221,0.62703,0.86834,0.99496,0.92868,0.98016,0.62711,0.92152,0.90334,0.92923,0.54936,1.27305,1.37133,0.61681,0.88181,0.00116162,0.00116162,0.00116162
191,253.93,1.33321,1.58052,0.64872,0.89101,0.99496,0.92868,0.98016,0.62711,0.92152,0.90334,0.92923,0.54936,1.27305,1.37133,0.61681,0.88181,0.00116021,0.00116021,0.00116021
192,255.282,1.39469,1.87765,0.69923,0.8843,0.9912,0.92804,0.97951,0.60965,0.91295,0.91172,0.91682,0.50351,1.33479,1.49022,0.6199,0.89964,0.00115879,0.00115879,0.00115879
193,256.602,1.32938,1.49888,0.63356,0.84205,0.9912,0.92804,0.97951,0.60965,0.91295,0.91172,0.91682,0.50351,1.33479,1.49022,0.6199,0.89964,0.00115738,0.00115738,0.00115738
194,257.957,1.22872,1.5609,0.65949,0.86593,0.96107,0.9659,0.97963,0.66442,0.925,0.93142,0.93321,0.47101,1.17972,1.41211,0.57949,0.86609,0.00115596,0.00115596,0.00115596
195,259.252,1.24821,1.42504,0.63313,0.89957,0.96107,0.9659,0.97963,0.66442,0.925,0.93142,0.93321,0.47101,1.17972,1.41211,0.57949,0.86609,0.00115455,0.00115455,0.00115455
196,260.557,1.26245,1.51244,0.62972,0.8661,0.95312,0.9659,0.97787,0.67997,0.90935,0.90021,0.90713,0.39335,1.1972,1.64781,0.58163,0.86335,0.00115313,0.00115313,0.00115313
197,261.819,1.21298,1.60976,0.5846,0.8656,0.95312,0.9659,0.97787,0.67997,0.90935,0.90021,0.90713,0.39335,1.1972,1.64781,0.58163,0.86335,0.00115172,0.00115172,0.00115172
198,263.127,1.22793,1.49272,0.60436,0.83871,0.98832,0.92779,0.97803,0.70794,0.97407,0.91651,0.95255,0.45826,1.08958,1.3881,0.54775,0.86056,0.0011503,0.0011503,0.0011503
199,264.408,1.2875,1.54158,0.61019,0.87349,0.98832,0.92779,0.97803,0.70794,0.97407,0.91651,0.95255,0.45826,1.08958,1.3881,0.54775,0.86056,0.00114889,0.00114889,0.00114889
200,265.705,1.30555,1.5588,0.63423,0.84908,0.98556,0.93142,0.97717,0.70729,0.99089,0.9175,0.96317,0.49989,1.02806,1.36206,0.53901,0.85677,0.00114747,0.00114747,0.00114747
201,267.072,1.25463,1.7297,0.60827,0.85267,0.98556,0.93142,0.97717,0.70729,0.99089,0.9175,0.96317,0.49989,1.02806,1.36206,0.53901,0.85677,0.00114606,0.00114606,0.00114606
202,268.453,1.16008,1.50832,0.56599,0.86239,0.94869,0.95302,0.97786,0.68927,0.94974,0.89669,0.94373,0.50242,1.05425,1.46515,0.53143,0.8572,0.00114464,0.00114464,0.00114464
203,269.75,1.09614,1.38921,0.58209,0.87292,0.94869,0.95302,0.97786,0.68927,0.94974,0.89669,0.94373,0.50242,1.05425,1.46515,0.53143,0.8572,0.00114323,0.00114323,0.00114323
204,271.027,1.244,1.5248,0.60687,0.84596,0.99003,0.91911,0.97747,0.68423,0.93473,0.87433,0.92284,0.46562,1.10084,1.55416,0.54503,0.85911,0.00114181,0.00114181,0.00114181
205,272.318,1.16184,1.44864,0.59296,0.85615,0.99003,0.91911,0.97747,0.68423,0.93473,0.87433,0.92284,0.46562,1.10084,1.55416,0.54503,0.85911,0.0011404,0.0011404,0.0011404
206,273.589,1.23296,1.71592,0.59643,0.88044,0.98344,0.94291,0.97593,0.6931,0.95577,0.91992,0.9456,0.47649,1.07711,1.40313,0.54413,0.85668,0.00113898,0.00113898,0.00113898
207,274.864,1.10046,1.2946,0.58458,0.83274,0.98344,0.94291,0.97593,0.6931,0.95577,0.91992,0.9456,0.47649,1.07711,1.40313,0.54413,0.85668,0.00113757,0.00113757,0.00113757
208,276.178,1.09204,1.50964,0.57773,0.85627,0.98308,0.94934,0.9717,0.68889,0.97951,0.92744,0.94614,0.50736,1.06008,1.31131,0.53949,0.85063,0.00113616,0.00113616,0.00113616
209,277.455,1.23504,1.46911,0.59183,0.87075,0.98308,0.94934,0.9717,0.68889,0.97951,0.92744,0.94614,0.50736,1.06008,1.31131,0.53949,0.85063,0.00113474,0.00113474,0.00113474
210,278.761,1.18249,1.50952,0.58943,0.87672,0.99284,0.94279,0.97251,0.69417,0.99552,0.93915,0.9658,0.52999,1.0496,1.22421,0.53594,0.85263,0.00113333,0.00113333,0.00113333
211,280.107,1.31612,1.52605,0.62748,0.86677,0.99284,0.94279,0.97251,0.69417,0.99552,0.93915,0.9658,0.52999,1.0496,1.22421,0.53594,0.85263,0.00113191,0.00113191,0.00113191
212,281.496,1.1642,1.56855,0.64629,0.84056,0.98101,0.94291,0.97555,0.71097,0.96777,0.93142,0.94938,0.4909,1.00966,1.1887,0.5295,0.85214,0.0011305,0.0011305,0.0011305
213,282.765,1.12854,1.35007,0.61193,0.84681,0.98101,0.94291,0.97555,0.71097,0.96777,0.93142,0.94938,0.4909,1.00966,1.1887,0.5295,0.85214,0.00112908,0.00112908,0.00112908
214,284.072,1.05631,1.41571,0.56501,0.85684,0.95841,0.9643,0.97707,0.70861,0.94667,0.92031,0.94147,0.47449,1.00728,1.22526,0.53237,0.84691,0.00112767,0.00112767,0.00112767
215,285.336,1.04971,1.31562,0.58231,0.85793,0.95841,0.9643,0.97707,0.70861,0.94667,0.92031,0.94147,0.47449,1.00728,1.22526,0.53237,0.84691,0.00112625,0.00112625,0.00112625
216,286.672,1.08715,1.39617,0.57982,0.84971,0.95025,0.9659,0.97325,0.6902,0.93843,0.95441,0.96455,0.50912,1.06768,1.19406,0.55333,0.85251,0.00112484,0.00112484,0.00112484
217,287.969,1.06223,1.3092,0.58882,0.83277,0.95025,0.9659,0.97325,0.6902,0.93843,0.95441,0.96455,0.50912,1.06768,1.19406,0.55333,0.85251,0.00112342,0.00112342,0.00112342
218,289.282,1.09946,1.36779,0.60675,0.86024,0.95238,0.9659,0.97221,0.71473,0.94148,0.95479,0.95576,0.51507,1.02241,1.21544,0.53004,0.85292,0.00112201,0.00112201,0.00112201
219,290.567,1.13179,1.37818,0.55787,0.85521,0.95238,0.9659,0.97221,0.71473,0.94148,0.95479,0.95576,0.51507,1.02241,1.21544,0.53004,0.85292,0.00112059,0.00112059,0.00112059
220,291.875,1.04278,1.3154,0.56324,0.8285,0.96469,0.96066,0.97421,0.72216,0.96469,0.96066,0.97291,0.48335,1.03131,1.15237,0.52053,0.85049,0.00111918,0.00111918,0.00111918
221,293.129,1.0693,1.24189,0.58523,0.84393,0.96469,0.96066,0.97421,0.72216,0.96469,0.96066,0.97291,0.48335,1.03131,1.15237,0.52053,0.85049,0.00111776,0.00111776,0.00111776
222,294.464,1.16536,1.36716,0.57347,0.82492,0.96356,0.95441,0.97721,0.72502,0.96356,0.95441,0.97108,0.50564,1.02543,1.08263,0.5014,0.84722,0.00111635,0.00111635,0.00111635
223,295.736,1.07145,1.22282,0.56874,0.87661,0.96356,0.95441,0.97721,0.72502,0.96356,0.95441,0.97108,0.50564,1.02543,1.08263,0.5014,0.84722,0.00111493,0.00111493,0.00111493
224,297.078,1.31455,1.35705,0.66809,0.88229,0.97148,0.96239,0.98234,0.73976,0.9589,0.95115,0.97504,0.56086,0.92193,1.11586,0.48227,0.83438,0.00111352,0.00111352,0.00111352
225,298.423,1.07721,1.47616,0.55074,0.87034,0.97148,0.96239,0.98234,0.73976,0.9589,0.95115,0.97504,0.56086,0.92193,1.11586,0.48227,0.83438,0.0011121,0.0011121,0.0011121
226,299.765,1.02249,1.24535,0.53064,0.83307,0.95995,0.95441,0.98022,0.7332,0.94643,0.94291,0.96665,0.53616,0.94194,1.13986,0.5101,0.83849,0.00111069,0.00111069,0.00111069
227,301.07,1.07305,1.37062,0.57111,0.84047,0.95995,0.95441,0.98022,0.7332,0.94643,0.94291,0.96665,0.53616,0.94194,1.13986,0.5101,0.83849,0.00110928,0.00110928,0.00110928
228,302.383,1.11527,1.48448,0.57652,0.86137,0.94256,0.96713,0.98302,0.73308,0.93061,0.95572,0.97489,0.48654,0.96234,1.32206,0.51049,0.84643,0.00110786,0.00110786,0.00110786
229,303.665,1.08375,1.31752,0.53758,0.83171,0.94256,0.96713,0.98302,0.73308,0.93061,0.95572,0.97489,0.48654,0.96234,1.32206,0.51049,0.84643,0.00110645,0.00110645,0.00110645
230,305.017,1.11883,1.39784,0.54946,0.83466,0.96075,0.97544,0.98551,0.74764,0.92664,0.94169,0.9477,0.46763,0.90916,1.30888,0.49563,0.84491,0.00110503,0.00110503,0.00110503
231,306.318,1.05443,1.3231,0.57096,0.84264,0.96075,0.97544,0.98551,0.74764,0.92664,0.94169,0.9477,0.46763,0.90916,1.30888,0.49563,0.84491,0.00110362,0.00110362,0.00110362
232,307.681,1.16332,1.45207,0.57138,0.8566,0.9589,0.97958,0.9846,0.74123,0.94785,0.96809,0.97438,0.52807,0.90163,1.10704,0.48217,0.83875,0.0011022,0.0011022,0.0011022
233,308.944,1.05201,1.34644,0.55315,0.85373,0.9589,0.97958,0.9846,0.74123,0.94785,0.96809,0.97438,0.52807,0.90163,1.10704,0.48217,0.83875,0.00110079,0.00110079,0.00110079
234,310.232,1.02437,1.2208,0.58481,0.83705,0.98023,0.97953,0.98484,0.72681,0.9688,0.96804,0.97485,0.54971,0.93165,1.02764,0.50285,0.83917,0.00109937,0.00109937,0.00109937
235,311.577,1.08555,1.31673,0.5666,0.86299,0.98023,0.97953,0.98484,0.72681,0.9688,0.96804,0.97485,0.54971,0.93165,1.02764,0.50285,0.83917,0.00109796,0.00109796,0.00109796
236,312.871,1.03741,1.21022,0.54621,0.85499,0.97536,0.97739,0.98265,0.74631,0.9411,0.9433,0.94651,0.47808,0.86147,1.01891,0.48006,0.83356,0.00109654,0.00109654,0.00109654
237,314.154,0.94297,1.19866,0.53548,0.84257,0.97536,0.97739,0.98265,0.74631,0.9411,0.9433,0.94651,0.47808,0.86147,1.01891,0.48006,0.83356,0.00109513,0.00109513,0.00109513
238,315.447,1.09292,1.28446,0.58227,0.85421,0.96859,0.97493,0.98171,0.74651,0.93415,0.9415,0.94549,0.44865,0.8573,1.05722,0.47717,0.83331,0.00109371,0.00109371,0.00109371
239,316.782,1.13534,1.3278,0.5342,0.84323,0.96859,0.97493,0.98171,0.74651,0.93415,0.9415,0.94549,0.44865,0.8573,1.05722,0.47717,0.83331,0.0010923,0.0010923,0.0010923
240,318.101,0.97909,1.34155,0.53579,0.8604,0.96404,0.97567,0.98306,0.7481,0.94143,0.95342,0.96751,0.483,0.8939,1.12318,0.50045,0.83532,0.00109088,0.00109088,0.00109088
241,319.373,1.1758,1.37467,0.61051,0.85231,0.96404,0.97567,0.98306,0.7481,0.94143,0.95342,0.96751,0.483,0.8939,1.12318,0.50045,0.83532,0.00108947,0.00108947,0.00108947
242,320.712,1.10123,1.2805,0.54161,0.86852,0.95795,0.9659,0.98219,0.71823,0.94357,0.95441,0.97593,0.53221,0.99888,1.17453,0.52658,0.84878,0.00108805,0.00108805,0.00108805
243,322.034,1.11929,1.36838,0.54834,0.83524,0.95795,0.9659,0.98219,0.71823,0.94357,0.95441,0.97593,0.53221,0.99888,1.17453,0.52658,0.84878,0.00108664,0.00108664,0.00108664
244,323.331,1.05808,1.28598,0.54781,0.8437,0.98603,0.91992,0.98032,0.72911,0.92331,0.92725,0.9608,0.54985,0.95632,1.14829,0.51296,0.84655,0.00108523,0.00108523,0.00108523
245,324.636,1.14138,1.44308,0.58072,0.85501,0.98603,0.91992,0.98032,0.72911,0.92331,0.92725,0.9608,0.54985,0.95632,1.14829,0.51296,0.84655,0.00108381,0.00108381,0.00108381
246,325.956,1.04971,1.36891,0.54549,0.86453,0.98025,0.91992,0.98194,0.72936,0.95247,0.89693,0.96266,0.5759,0.95445,1.06851,0.50095,0.84673,0.0010824,0.0010824,0.0010824
247,327.298,1.12836,1.38496,0.55754,0.8485,0.98025,0.91992,0.98194,0.72936,0.95247,0.89693,0.96266,0.5759,0.95445,1.06851,0.50095,0.84673,0.00108098,0.00108098,0.00108098
248,328.67,1.08082,1.36376,0.55674,0.85842,0.95001,0.9605,0.98056,0.71241,0.9256,0.93812,0.96255,0.55972,1.03304,1.11515,0.5232,0.85432,0.00107957,0.00107957,0.00107957
249,329.956,1.06952,1.2612,0.54803,0.83293,0.95001,0.9605,0.98056,0.71241,0.9256,0.93812,0.96255,0.55972,1.03304,1.11515,0.5232,0.85432,0.00107815,0.00107815,0.00107815
250,331.283,1.01652,1.31632,0.5136,0.84207,0.95402,0.9587,0.98111,0.72711,0.91841,0.9249,0.94557,0.55263,0.93969,1.08756,0.50233,0.84302,0.00107674,0.00107674,0.00107674
251,332.672,1.06844,1.16709,0.56671,0.83875,0.95402,0.9587,0.98111,0.72711,0.91841,0.9249,0.94557,0.55263,0.93969,1.08756,0.50233,0.84302,0.00107532,0.00107532,0.00107532
252,334.08,1.06301,1.46925,0.56222,0.86195,0.95826,0.98364,0.98461,0.74561,0.913,0.93859,0.93931,0.52166,0.89077,1.02408,0.49193,0.83638,0.00107391,0.00107391,0.00107391
253,335.388,0.98914,1.23802,0.52931,0.85051,0.95826,0.98364,0.98461,0.74561,0.913,0.93859,0.93931,0.52166,0.89077,1.02408,0.49193,0.83638,0.00107249,0.00107249,0.00107249
254,336.696,1.05237,1.24762,0.55272,0.82822,0.97367,0.98847,0.98537,0.75612,0.93998,0.95441,0.94186,0.51536,0.86385,1.01073,0.47467,0.83467,0.00107108,0.00107108,0.00107108
255,337.98,1.00773,1.27131,0.53341,0.82772,0.97367,0.98847,0.98537,0.75612,0.93998,0.95441,0.94186,0.51536,0.86385,1.01073,0.47467,0.83467,0.00106966,0.00106966,0.00106966
256,339.306,1.01281,1.21468,0.53994,0.85777,0.97939,0.98889,0.98693,0.74789,0.94612,0.95441,0.94507,0.54312,0.93186,1.06493,0.49839,0.84248,0.00106825,0.00106825,0.00106825
257,340.591,1.04788,1.49744,0.57004,0.85058,0.97939,0.98889,0.98693,0.74789,0.94612,0.95441,0.94507,0.54312,0.93186,1.06493,0.49839,0.84248,0.00106683,0.00106683,0.00106683
258,341.834,1.06249,1.31357,0.54727,0.82619,0.99025,0.9659,0.98686,0.73563,0.92607,0.94024,0.94088,0.53409,0.95156,1.03024,0.50469,0.84102,0.00106542,0.00106542,0.00106542
259,343.128,0.97898,1.16205,0.54594,0.84036,0.99025,0.9659,0.98686,0.73563,0.92607,0.94024,0.94088,0.53409,0.95156,1.03024,0.50469,0.84102,0.001064,0.001064,0.001064
260,344.459,0.99712,1.24877,0.54491,0.85819,0.96788,0.98758,0.98697,0.73986,0.94227,0.90881,0.92834,0.5163,0.92369,1.07923,0.50077,0.8347,0.00106259,0.00106259,0.00106259
261,345.743,0.99653,1.21086,0.53049,0.83845,0.96788,0.98758,0.98697,0.73986,0.94227,0.90881,0.92834,0.5163,0.92369,1.07923,0.50077,0.8347,0.00106118,0.00106118,0.00106118
262,347.088,1.02036,1.26462,0.52531,0.84693,0.98427,0.96362,0.98661,0.75671,0.94866,0.91992,0.93295,0.51931,0.87087,1.07516,0.48956,0.83126,0.00105976,0.00105976,0.00105976
263,348.379,1.0517,1.24509,0.55562,0.80423,0.98427,0.96362,0.98661,0.75671,0.94866,0.91992,0.93295,0.51931,0.87087,1.07516,0.48956,0.83126,0.00105835,0.00105835,0.00105835
264,349.685,1.12207,1.34464,0.55919,0.86333,0.98185,0.95246,0.98568,0.77208,0.9559,0.9299,0.95552,0.51487,0.84806,1.1043,0.47734,0.8266,0.00105693,0.00105693,0.00105693
265,350.966,1.0217,1.25803,0.5414,0.85597,0.98185,0.95246,0.98568,0.77208,0.9559,0.9299,0.95552,0.51487,0.84806,1.1043,0.47734,0.8266,0.00105552,0.00105552,0.00105552
266,352.288,0.97363,1.37346,0.52298,0.84554,0.98557,0.93935,0.98464,0.75083,0.93563,0.93977,0.96557,0.52417,0.93776,1.16496,0.49512,0.83735,0.0010541,0.0010541,0.0010541
267,353.555,1.084,1.24091,0.52815,0.85245,0.98557,0.93935,0.98464,0.75083,0.93563,0.93977,0.96557,0.52417,0.93776,1.16496,0.49512,0.83735,0.00105269,0.00105269,0.00105269
268,354.851,1.1253,1.38041,0.53458,0.84584,0.96244,0.96101,0.98342,0.74926,0.95021,0.94982,0.97405,0.5435,0.8944,1.09292,0.48063,0.83627,0.00105127,0.00105127,0.00105127
269,356.135,1.14071,1.70306,0.56659,0.86124,0.96244,0.96101,0.98342,0.74926,0.95021,0.94982,0.97405,0.5435,0.8944,1.09292,0.48063,0.83627,0.00104986,0.00104986,0.00104986
270,357.5,1.08876,1.21551,0.5255,0.84409,0.98843,0.93142,0.98207,0.75715,0.96652,0.89456,0.95596,0.53376,0.87802,1.10644,0.49442,0.83274,0.00104844,0.00104844,0.00104844
271,358.812,1.00898,1.28847,0.53237,0.83663,0.98843,0.93142,0.98207,0.75715,0.96652,0.89456,0.95596,0.53376,0.87802,1.10644,0.49442,0.83274,0.00104703,0.00104703,0.00104703
272,360.156,0.99715,1.33147,0.52316,0.84337,0.98637,0.9283,0.97949,0.75478,0.96111,0.89385,0.93525,0.51397,0.84455,1.00675,0.49757,0.82967,0.00104561,0.00104561,0.00104561
273,361.421,1.03166,1.25523,0.5348,0.86707,0.98637,0.9283,0.97949,0.75478,0.96111,0.89385,0.93525,0.51397,0.84455,1.00675,0.49757,0.82967,0.0010442,0.0010442,0.0010442
274,362.771,1.01921,1.28509,0.53414,0.83527,0.98108,0.92663,0.97806,0.7628,0.94491,0.88262,0.91856,0.45672,0.85151,1.14278,0.48773,0.82865,0.00104278,0.00104278,0.00104278
275,364.07,0.97069,1.24453,0.52742,0.84238,0.98108,0.92663,0.97806,0.7628,0.94491,0.88262,0.91856,0.45672,0.85151,1.14278,0.48773,0.82865,0.00104137,0.00104137,0.00104137
276,365.389,1.06767,1.27972,0.54271,0.84649,0.97331,0.95441,0.97899,0.78606,0.93769,0.91992,0.95379,0.50084,0.79857,1.04171,0.47557,0.8245,0.00103995,0.00103995,0.00103995
277,366.621,0.89496,1.24657,0.50768,0.83466,0.97331,0.95441,0.97899,0.78606,0.93769,0.91992,0.95379,0.50084,0.79857,1.04171,0.47557,0.8245,0.00103854,0.00103854,0.00103854
278,367.888,0.95465,1.35722,0.49878,0.83649,0.97999,0.96269,0.97793,0.75303,0.9579,0.91708,0.9571,0.54226,0.89077,1.0473,0.50608,0.8354,0.00103713,0.00103713,0.00103713
279,369.144,0.91969,1.26344,0.49821,0.81308,0.97999,0.96269,0.97793,0.75303,0.9579,0.91708,0.9571,0.54226,0.89077,1.0473,0.50608,0.8354,0.00103571,0.00103571,0.00103571
280,370.4,1.00839,1.18492,0.51684,0.84949,0.97941,0.96312,0.98075,0.75125,0.9463,0.90103,0.94901,0.54419,0.86847,1.05492,0.50584,0.83216,0.0010343,0.0010343,0.0010343
281,371.663,1.04266,1.3077,0.53999,0.81248,0.97941,0.96312,0.98075,0.75125,0.9463,0.90103,0.94901,0.54419,0.86847,1.05492,0.50584,0.83216,0.00103288,0.00103288,0.00103288
282,372.991,1.01003,1.33502,0.5282,0.842,0.97879,0.95739,0.98037,0.73249,0.95086,0.87433,0.93057,0.43516,0.92284,1.11011,0.49544,0.82992,0.00103147,0.00103147,0.00103147
283,374.244,1.13645,1.47855,0.55473,0.85494,0.97879,0.95739,0.98037,0.73249,0.95086,0.87433,0.93057,0.43516,0.92284,1.11011,0.49544,0.82992,0.00103005,0.00103005,0.00103005
284,375.509,0.96501,1.29312,0.49198,0.84012,0.98211,0.93998,0.97996,0.69995,0.96118,0.87147,0.92255,0.36095,1.06366,1.32291,0.5243,0.84581,0.00102864,0.00102864,0.00102864
285,376.827,1.11176,1.34316,0.57573,0.83056,0.98211,0.93998,0.97996,0.69995,0.96118,0.87147,0.92255,0.36095,1.06366,1.32291,0.5243,0.84581,0.00102722,0.00102722,0.00102722
286,378.133,1.11331,1.38216,0.57048,0.86534,0.97655,0.93923,0.98106,0.74246,0.97883,0.89527,0.95444,0.41892,0.93059,1.12788,0.49759,0.83718,0.00102581,0.00102581,0.00102581
287,379.405,1.02542,1.2341,0.5422,0.83829,0.97655,0.93923,0.98106,0.74246,0.97883,0.89527,0.95444,0.41892,0.93059,1.12788,0.49759,0.83718,0.00102439,0.00102439,0.00102439
288,380.705,1.0694,1.26346,0.54207,0.82271,0.97125,0.9659,0.9822,0.76324,0.94539,0.94291,0.96855,0.53474,0.88474,1.03151,0.49232,0.83189,0.00102298,0.00102298,0.00102298
289,381.978,1.02179,1.28202,0.54266,0.80806,0.97125,0.9659,0.9822,0.76324,0.94539,0.94291,0.96855,0.53474,0.88474,1.03151,0.49232,0.83189,0.00102156,0.00102156,0.00102156
290,383.285,1.12057,1.33054,0.54144,0.82543,0.96638,0.9659,0.98181,0.73461,0.9408,0.94291,0.96874,0.55062,0.96439,1.05465,0.50556,0.84273,0.00102015,0.00102015,0.00102015
291,384.573,1.05368,1.33212,0.52335,0.82535,0.96638,0.9659,0.98181,0.73461,0.9408,0.94291,0.96874,0.55062,0.96439,1.05465,0.50556,0.84273,0.00101873,0.00101873,0.00101873
292,385.889,0.96325,1.14648,0.53386,0.84037,0.96794,0.93936,0.97453,0.72542,0.93777,0.86284,0.91943,0.49836,0.94729,1.17022,0.50539,0.83985,0.00101732,0.00101732,0.00101732
293,387.205,1.07727,1.42054,0.55145,0.83954,0.96794,0.93936,0.97453,0.72542,0.93777,0.86284,0.91943,0.49836,0.94729,1.17022,0.50539,0.83985,0.0010159,0.0010159,0.0010159
294,388.504,1.12987,1.41294,0.56022,0.84414,0.96249,0.9446,0.97899,0.72433,0.93224,0.86284,0.92244,0.45777,0.93481,1.2279,0.5142,0.83193,0.00101449,0.00101449,0.00101449
295,389.792,1.07218,1.36691,0.53136,0.84634,0.96249,0.9446,0.97899,0.72433,0.93224,0.86284,0.92244,0.45777,0.93481,1.2279,0.5142,0.83193,0.00101308,0.00101308,0.00101308
296,391.079,1.04449,1.40404,0.536,0.84325,0.99174,0.9211,0.97146,0.75734,0.96329,0.89789,0.95104,0.49713,0.86404,1.07851,0.49465,0.82545,0.00101166,0.00101166,0.00101166
297,392.379,1.042,1.20126,0.53153,0.83089,0.99174,0.9211,0.97146,0.75734,0.96329,0.89789,0.95104,0.49713,0.86404,1.07851,0.49465,0.82545,0.00101025,0.00101025,0.00101025
298,393.682,0.93414,1.12873,0.51984,0.78401,0.98039,0.94019,0.98139,0.74834,0.93976,0.90615,0.93297,0.51053,0.86961,1.03684,0.49539,0.82568,0.00100883,0.00100883,0.00100883
299,395.001,0.94205,1.13239,0.52183,0.82974,0.98039,0.94019,0.98139,0.74834,0.93976,0.90615,0.93297,0.51053,0.86961,1.03684,0.49539,0.82568,0.00100742,0.00100742,0.00100742
300,396.303,1.00129,1.37728,0.5104,0.84549,0.97036,0.95441,0.9839,0.7599,0.91931,0.90881,0.93147,0.4765,0.85236,1.04207,0.48054,0.82923,0.001006,0.001006,0.001006
301,397.581,1.01485,1.2851,0.51409,0.82354,0.97036,0.95441,0.9839,0.7599,0.91931,0.90881,0.93147,0.4765,0.85236,1.04207,0.48054,0.82923,0.00100459,0.00100459,0.00100459
302,398.918,0.97959,1.31144,0.5111,0.82256,0.9753,0.94453,0.98445,0.74881,0.92652,0.89948,0.9336,0.49078,0.87323,1.06168,0.47428,0.82677,0.00100317,0.00100317,0.00100317
303,400.217,0.99365,1.36769,0.50005,0.84149,0.9753,0.94453,0.98445,0.74881,0.92652,0.89948,0.9336,0.49078,0.87323,1.06168,0.47428,0.82677,0.00100176,0.00100176,0.00100176
304,401.508,0.9478,1.21622,0.51369,0.82271,0.97777,0.94457,0.98462,0.76659,0.9401,0.91052,0.94777,0.50036,0.83315,0.99268,0.4733,0.82264,0.00100034,0.00100034,0.00100034
305,402.811,0.97853,1.28046,0.5031,0.84443,0.97777,0.94457,0.98462,0.76659,0.9401,0.91052,0.94777,0.50036,0.83315,0.99268,0.4733,0.82264,0.000998928,0.000998928,0.000998928
306,404.127,0.86404,1.27187,0.50328,0.82726,0.97658,0.94619,0.98504,0.76158,0.95226,0.92378,0.96145,0.50835,0.81164,0.95053,0.46588,0.82178,0.000997513,0.000997513,0.000997513
307,405.428,0.98411,1.28439,0.51436,0.84155,0.97658,0.94619,0.98504,0.76158,0.95226,0.92378,0.96145,0.50835,0.81164,0.95053,0.46588,0.82178,0.000996099,0.000996099,0.000996099
308,406.708,0.9744,1.23534,0.54199,0.83977,0.97547,0.94791,0.98355,0.75469,0.95135,0.92545,0.9592,0.48354,0.85358,1.01755,0.48627,0.82462,0.000994684,0.000994684,0.000994684
309,407.972,0.93312,1.19856,0.51076,0.84694,0.97547,0.94791,0.98355,0.75469,0.95135,0.92545,0.9592,0.48354,0.85358,1.01755,0.48627,0.82462,0.000993269,0.000993269,0.000993269
310,409.282,0.96759,1.25132,0.51583,0.82737,0.98604,0.93932,0.98339,0.75511,0.96115,0.91694,0.96056,0.471,0.84594,1.02805,0.4849,0.82382,0.000991855,0.000991855,0.000991855
311,410.569,1.00026,1.25004,0.5235,0.83921,0.98604,0.93932,0.98339,0.75511,0.96115,0.91694,0.96056,0.471,0.84594,1.02805,0.4849,0.82382,0.00099044,0.00099044,0.00099044
312,411.894,0.9162,1.18685,0.50908,0.82595,0.98606,0.96094,0.98531,0.77385,0.96226,0.93881,0.96263,0.49205,0.82099,0.98775,0.47444,0.82166,0.000989025,0.000989025,0.000989025
313,413.204,0.87103,0.92577,0.487,0.84571,0.98606,0.96094,0.98531,0.77385,0.96226,0.93881,0.96263,0.49205,0.82099,0.98775,0.47444,0.82166,0.00098761,0.00098761,0.00098761
314,414.524,1.05358,1.23253,0.53358,0.82201,0.98507,0.9659,0.98588,0.79144,0.96075,0.9433,0.96336,0.52047,0.77879,0.95284,0.4674,0.81973,0.000986196,0.000986196,0.000986196
315,415.885,0.96764,1.08923,0.48345,0.83413,0.98507,0.9659,0.98588,0.79144,0.96075,0.9433,0.96336,0.52047,0.77879,0.95284,0.4674,0.81973,0.000984781,0.000984781,0.000984781
316,417.273,1.06508,1.35179,0.51632,0.83653,0.98142,0.97471,0.98621,0.79472,0.96558,0.92867,0.9468,0.48593,0.76955,0.95558,0.46274,0.82118,0.000983366,0.000983366,0.000983366
317,418.56,0.92102,1.15258,0.50045,0.83734,0.98142,0.97471,0.98621,0.79472,0.96558,0.92867,0.9468,0.48593,0.76955,0.95558,0.46274,0.82118,0.000981952,0.000981952,0.000981952
318,419.798,0.94615,1.13597,0.51155,0.84475,0.98513,0.96548,0.98561,0.77194,0.9651,0.93142,0.95162,0.48596,0.81537,0.96199,0.47453,0.82691,0.000980537,0.000980537,0.000980537
319,421.051,0.96297,1.22863,0.49552,0.81284,0.98513,0.96548,0.98561,0.77194,0.9651,0.93142,0.95162,0.48596,0.81537,0.96199,0.47453,0.82691,0.000979122,0.000979122,0.000979122
320,422.33,0.96594,1.26691,0.49267,0.84328,0.97964,0.97739,0.98369,0.77027,0.93739,0.91752,0.93245,0.45467,0.85014,1.00073,0.46804,0.82966,0.000977708,0.000977708,0.000977708
321,423.595,0.93595,1.15912,0.472,0.80382,0.97964,0.97739,0.98369,0.77027,0.93739,0.91752,0.93245,0.45467,0.85014,1.00073,0.46804,0.82966,0.000976293,0.000976293,0.000976293
322,424.933,1.06997,1.19368,0.49352,0.81397,0.98352,0.97543,0.98458,0.77286,0.93858,0.91828,0.92669,0.49099,0.80544,0.98929,0.4378,0.82437,0.000974878,0.000974878,0.000974878
323,426.211,0.90729,1.17689,0.49098,0.81343,0.98352,0.97543,0.98458,0.77286,0.93858,0.91828,0.92669,0.49099,0.80544,0.98929,0.4378,0.82437,0.000973463,0.000973463,0.000973463
324,427.514,0.9126,1.14575,0.49385,0.84182,0.9827,0.97474,0.98325,0.7934,0.97754,0.95441,0.97897,0.57078,0.74644,0.94646,0.42641,0.82161,0.000972049,0.000972049,0.000972049
325,428.817,0.86785,1.11649,0.50387,0.841,0.9827,0.97474,0.98325,0.7934,0.97754,0.95441,0.97897,0.57078,0.74644,0.94646,0.42641,0.82161,0.000970634,0.000970634,0.000970634
326,430.191,0.93386,1.27151,0.49725,0.82961,0.98989,0.9659,0.98111,0.79636,0.97748,0.95441,0.98244,0.5809,0.74992,0.91965,0.42979,0.81956,0.000969219,0.000969219,0.000969219
327,431.517,0.89414,1.14683,0.49555,0.80397,0.98989,0.9659,0.98111,0.79636,0.97748,0.95441,0.98244,0.5809,0.74992,0.91965,0.42979,0.81956,0.000967805,0.000967805,0.000967805
328,432.877,0.90146,1.15614,0.49662,0.82621,0.98342,0.97373,0.97925,0.80612,0.97134,0.96229,0.98347,0.52524,0.69259,0.95898,0.4212,0.81597,0.00096639,0.00096639,0.00096639
329,434.166,0.88708,1.21507,0.45403,0.81404,0.98342,0.97373,0.97925,0.80612,0.97134,0.96229,0.98347,0.52524,0.69259,0.95898,0.4212,0.81597,0.000964975,0.000964975,0.000964975
330,435.478,0.90348,1.14327,0.4695,0.81788,0.98468,0.97018,0.97877,0.79359,0.9725,0.95869,0.98147,0.50026,0.75216,0.99702,0.43247,0.82044,0.00096356,0.00096356,0.00096356
331,436.765,0.97196,1.18374,0.505,0.84149,0.98468,0.97018,0.97877,0.79359,0.9725,0.95869,0.98147,0.50026,0.75216,0.99702,0.43247,0.82044,0.000962146,0.000962146,0.000962146
332,438.123,0.9124,1.08009,0.48892,0.83884,0.98585,0.9659,0.98225,0.78306,0.9736,0.95441,0.98017,0.48641,0.78919,0.90492,0.44136,0.82431,0.000960731,0.000960731,0.000960731
333,439.385,0.96532,1.12315,0.47885,0.82048,0.98585,0.9659,0.98225,0.78306,0.9736,0.95441,0.98017,0.48641,0.78919,0.90492,0.44136,0.82431,0.000959316,0.000959316,0.000959316
334,440.68,0.97419,1.17957,0.50286,0.84943,0.98746,0.9659,0.98435,0.78367,0.96227,0.94291,0.96399,0.5283,0.80282,0.88419,0.43525,0.82531,0.000957902,0.000957902,0.000957902
335,441.952,0.97812,1.14722,0.50734,0.84852,0.98746,0.9659,0.98435,0.78367,0.96227,0.94291,0.96399,0.5283,0.80282,0.88419,0.43525,0.82531,0.000956487,0.000956487,0.000956487
336,443.234,0.96682,1.21708,0.48314,0.83269,0.98682,0.97513,0.98546,0.79772,0.98073,0.95441,0.97923,0.55413,0.77324,0.98896,0.42831,0.82465,0.000955072,0.000955072,0.000955072
337,444.536,1.01399,1.27398,0.511,0.84652,0.98682,0.97513,0.98546,0.79772,0.98073,0.95441,0.97923,0.55413,0.77324,0.98896,0.42831,0.82465,0.000953657,0.000953657,0.000953657
338,445.846,0.87179,1.19754,0.47195,0.83414,0.98774,0.97519,0.98576,0.76381,0.98204,0.95441,0.98008,0.57682,0.86661,1.1321,0.46169,0.83405,0.000952243,0.000952243,0.000952243
339,447.188,0.9946,1.28477,0.49622,0.83631,0.98774,0.97519,0.98576,0.76381,0.98204,0.95441,0.98008,0.57682,0.86661,1.1321,0.46169,0.83405,0.000950828,0.000950828,0.000950828
340,448.527,0.98752,1.37882,0.49925,0.83602,0.98769,0.9755,0.98533,0.73446,0.98079,0.95345,0.97167,0.58117,0.97338,1.04595,0.49631,0.84185,0.000949413,0.000949413,0.000949413
341,449.824,1.00542,1.10284,0.5067,0.82883,0.98769,0.9755,0.98533,0.73446,0.98079,0.95345,0.97167,0.58117,0.97338,1.04595,0.49631,0.84185,0.000947999,0.000947999,0.000947999
342,451.179,1.08017,1.2405,0.5293,0.83189,0.98768,0.97739,0.98541,0.73271,0.96573,0.9433,0.94443,0.54978,0.97886,1.06864,0.50332,0.84521,0.000946584,0.000946584,0.000946584
343,452.467,0.93801,1.14014,0.49983,0.83044,0.98768,0.97739,0.98541,0.73271,0.96573,0.9433,0.94443,0.54978,0.97886,1.06864,0.50332,0.84521,0.000945169,0.000945169,0.000945169
344,453.824,1.00835,1.36325,0.51608,0.83055,0.98613,0.97739,0.98458,0.70763,0.95087,0.9433,0.93224,0.43259,0.98081,1.35265,0.5161,0.84366,0.000943754,0.000943754,0.000943754
345,455.199,0.91658,1.45972,0.49452,0.82375,0.98613,0.97739,0.98458,0.70763,0.95087,0.9433,0.93224,0.43259,0.98081,1.35265,0.5161,0.84366,0.00094234,0.00094234,0.00094234
346,456.442,0.99088,1.33355,0.51151,0.82949,0.98251,0.97739,0.9842,0.74051,0.97049,0.9659,0.96768,0.47087,0.87608,1.20144,0.49553,0.82916,0.000940925,0.000940925,0.000940925
347,457.73,1.0161,1.23199,0.51868,0.81832,0.98251,0.97739,0.9842,0.74051,0.97049,0.9659,0.96768,0.47087,0.87608,1.20144,0.49553,0.82916,0.00093951,0.00093951,0.00093951
348,459.021,1.07343,1.33965,0.52881,0.84076,0.98493,0.96542,0.98459,0.74144,0.97241,0.95422,0.97495,0.47669,0.87613,1.12222,0.50019,0.82778,0.000938096,0.000938096,0.000938096
349,460.276,0.98221,1.22053,0.52638,0.83425,0.98493,0.96542,0.98459,0.74144,0.97241,0.95422,0.97495,0.47669,0.87613,1.12222,0.50019,0.82778,0.000936681,0.000936681,0.000936681
350,461.566,1.03817,1.25246,0.50986,0.79464,0.98673,0.95638,0.98404,0.7483,0.97395,0.94513,0.97456,0.47407,0.87473,1.05306,0.49352,0.82587,0.000935266,0.000935266,0.000935266
351,462.838,0.97993,1.17559,0.5073,0.83164,0.98673,0.95638,0.98404,0.7483,0.97395,0.94513,0.97456,0.47407,0.87473,1.05306,0.49352,0.82587,0.000933851,0.000933851,0.000933851
352,464.202,0.98374,1.0879,0.50308,0.80109,0.98724,0.96412,0.98415,0.76169,0.9611,0.94291,0.96749,0.47135,0.87379,1.01588,0.4753,0.82628,0.000932437,0.000932437,0.000932437
353,465.494,0.92895,1.17573,0.46744,0.80249,0.98724,0.96412,0.98415,0.76169,0.9611,0.94291,0.96749,0.47135,0.87379,1.01588,0.4753,0.82628,0.000931022,0.000931022,0.000931022
354,466.771,0.90396,1.09158,0.49419,0.82374,0.98711,0.95901,0.98489,0.79411,0.96174,0.93758,0.97407,0.52169,0.7813,0.92487,0.43667,0.82143,0.000929607,0.000929607,0.000929607
355,468.056,0.92398,1.13587,0.48677,0.83662,0.98711,0.95901,0.98489,0.79411,0.96174,0.93758,0.97407,0.52169,0.7813,0.92487,0.43667,0.82143,0.000928193,0.000928193,0.000928193
356,469.415,0.92416,1.30459,0.49272,0.85037,0.98147,0.98508,0.98781,0.77621,0.95808,0.96229,0.96739,0.54888,0.89858,1.01853,0.45066,0.83182,0.000926778,0.000926778,0.000926778
357,470.702,1.00427,1.082,0.5205,0.8392,0.98147,0.98508,0.98781,0.77621,0.95808,0.96229,0.96739,0.54888,0.89858,1.01853,0.45066,0.83182,0.000925363,0.000925363,0.000925363
358,472.007,0.97453,1.17222,0.49027,0.82501,0.98016,0.98889,0.98772,0.72698,0.95673,0.9659,0.96709,0.53245,1.03191,1.14614,0.47657,0.84997,0.000923949,0.000923949,0.000923949
359,473.33,1.04126,1.22743,0.51182,0.82315,0.98016,0.98889,0.98772,0.72698,0.95673,0.9659,0.96709,0.53245,1.03191,1.14614,0.47657,0.84997,0.000922534,0.000922534,0.000922534
360,474.633,1.03464,1.24647,0.52363,0.82591,0.98501,0.97231,0.98743,0.75069,0.94796,0.9551,0.96574,0.52818,0.95688,1.05633,0.45968,0.84316,0.000921119,0.000921119,0.000921119
361,475.935,1.0247,1.22994,0.50942,0.84052,0.98501,0.97231,0.98743,0.75069,0.94796,0.9551,0.96574,0.52818,0.95688,1.05633,0.45968,0.84316,0.000919704,0.000919704,0.000919704
362,477.297,0.96605,1.04902,0.48962,0.84571,0.98414,0.97557,0.98691,0.77624,0.97208,0.96431,0.98371,0.53458,0.86863,0.99779,0.4308,0.83328,0.00091829,0.00091829,0.00091829
363,478.653,0.89323,1.07845,0.48886,0.82854,0.98414,0.97557,0.98691,0.77624,0.97208,0.96431,0.98371,0.53458,0.86863,0.99779,0.4308,0.83328,0.000916875,0.000916875,0.000916875
364,479.915,0.92854,1.11133,0.50484,0.83351,0.98539,0.97476,0.98691,0.78783,0.97328,0.96343,0.98029,0.54871,0.81894,0.97097,0.4312,0.82465,0.00091546,0.00091546,0.00091546
365,481.198,0.9111,1.28138,0.50558,0.83576,0.98539,0.97476,0.98691,0.78783,0.97328,0.96343,0.98029,0.54871,0.81894,0.97097,0.4312,0.82465,0.000914046,0.000914046,0.000914046
366,482.5,0.90131,1.17651,0.49396,0.83568,0.98783,0.97739,0.98707,0.77202,0.96375,0.95441,0.9718,0.5544,0.85596,1.06039,0.44858,0.82248,0.000912631,0.000912631,0.000912631
367,483.826,0.96405,1.14648,0.48537,0.82741,0.98783,0.97739,0.98707,0.77202,0.96375,0.95441,0.9718,0.5544,0.85596,1.06039,0.44858,0.82248,0.000911216,0.000911216,0.000911216
368,485.104,0.90974,1.17675,0.46502,0.84365,0.98502,0.97739,0.98762,0.7823,0.96112,0.95441,0.97213,0.54004,0.84777,1.11167,0.44262,0.8193,0.000909801,0.000909801,0.000909801
369,486.389,0.90605,1.05413,0.49386,0.83188,0.98502,0.97739,0.98762,0.7823,0.96112,0.95441,0.97213,0.54004,0.84777,1.11167,0.44262,0.8193,0.000908387,0.000908387,0.000908387
370,487.696,0.88236,1.06872,0.47372,0.81756,0.98645,0.9659,0.98688,0.79091,0.94931,0.93142,0.95102,0.51451,0.81747,1.04851,0.44401,0.81765,0.000906972,0.000906972,0.000906972
371,488.986,0.95893,1.18619,0.47022,0.84082,0.98645,0.9659,0.98688,0.79091,0.94931,0.93142,0.95102,0.51451,0.81747,1.04851,0.44401,0.81765,0.000905557,0.000905557,0.000905557
372,490.258,0.89355,1.19587,0.47089,0.85364,0.98483,0.9659,0.98661,0.80043,0.95974,0.94291,0.95873,0.507,0.78846,0.9894,0.43105,0.81782,0.000904143,0.000904143,0.000904143
373,491.515,0.92843,1.03465,0.47143,0.80603,0.98483,0.9659,0.98661,0.80043,0.95974,0.94291,0.95873,0.507,0.78846,0.9894,0.43105,0.81782,0.000902728,0.000902728,0.000902728
374,492.824,0.93048,1.16659,0.48836,0.84159,0.98676,0.9659,0.98706,0.81628,0.97454,0.95441,0.97749,0.53265,0.7799,1.03103,0.41727,0.81882,0.000901313,0.000901313,0.000901313
375,494.125,0.96203,1.20724,0.48884,0.81925,0.98676,0.9659,0.98706,0.81628,0.97454,0.95441,0.97749,0.53265,0.7799,1.03103,0.41727,0.81882,0.000899898,0.000899898,0.000899898
376,495.566,0.89295,1.14001,0.4535,0.82358,0.98619,0.9659,0.98749,0.80883,0.97379,0.95441,0.98082,0.54811,0.73457,0.99151,0.41117,0.81761,0.000898484,0.000898484,0.000898484
377,496.984,0.90517,1.13501,0.45322,0.85455,0.98619,0.9659,0.98749,0.80883,0.97379,0.95441,0.98082,0.54811,0.73457,0.99151,0.41117,0.81761,0.000897069,0.000897069,0.000897069
378,498.276,0.80235,1.13923,0.46779,0.81877,0.99068,0.97566,0.98747,0.81982,0.96731,0.95332,0.972,0.54088,0.6947,0.88757,0.41243,0.81463,0.000895654,0.000895654,0.000895654
379,499.581,0.85371,1.07538,0.47647,0.81712,0.99068,0.97566,0.98747,0.81982,0.96731,0.95332,0.972,0.54088,0.6947,0.88757,0.41243,0.81463,0.00089424,0.00089424,0.00089424
380,500.864,0.81723,0.98138,0.45484,0.80023,0.98707,0.97739,0.98754,0.81009,0.96297,0.95441,0.96176,0.52061,0.7051,0.84882,0.413,0.81413,0.000892825,0.000892825,0.000892825
381,502.161,0.81576,1.1031,0.44698,0.79145,0.98707,0.97739,0.98754,0.81009,0.96297,0.95441,0.96176,0.52061,0.7051,0.84882,0.413,0.81413,0.00089141,0.00089141,0.00089141
382,503.517,0.88064,1.15102,0.47064,0.84596,0.99171,0.96535,0.98634,0.80749,0.97926,0.95425,0.97381,0.54959,0.72602,0.82919,0.42575,0.81499,0.000889995,0.000889995,0.000889995
383,504.817,0.89308,1.24273,0.46723,0.82972,0.99171,0.96535,0.98634,0.80749,0.97926,0.95425,0.97381,0.54959,0.72602,0.82919,0.42575,0.81499,0.000888581,0.000888581,0.000888581
384,506.094,0.81449,1.09059,0.45933,0.81273,0.99278,0.9659,0.9844,0.80532,0.95525,0.93142,0.93418,0.52228,0.7414,0.84676,0.43702,0.81573,0.000887166,0.000887166,0.000887166
385,507.423,0.90887,1.04563,0.46447,0.82036,0.99278,0.9659,0.9844,0.80532,0.95525,0.93142,0.93418,0.52228,0.7414,0.84676,0.43702,0.81573,0.000885751,0.000885751,0.000885751
386,508.711,0.84451,1.1664,0.47366,0.82408,0.989,0.96569,0.985,0.80377,0.96457,0.94291,0.94222,0.53106,0.7177,0.83701,0.43327,0.81401,0.000884337,0.000884337,0.000884337
387,510.005,0.87745,1.12279,0.49049,0.82732,0.989,0.96569,0.985,0.80377,0.96457,0.94291,0.94222,0.53106,0.7177,0.83701,0.43327,0.81401,0.000882922,0.000882922,0.000882922
388,511.314,0.90809,1.16953,0.4757,0.83719,0.98298,0.97739,0.98659,0.81467,0.959,0.95441,0.95792,0.55071,0.69991,0.83886,0.42447,0.81206,0.000881507,0.000881507,0.000881507
389,512.572,0.83099,1.12569,0.47699,0.82702,0.98298,0.97739,0.98659,0.81467,0.959,0.95441,0.95792,0.55071,0.69991,0.83886,0.42447,0.81206,0.000880093,0.000880093,0.000880093
390,513.892,0.84032,1.09206,0.48143,0.85853,0.99307,0.96571,0.98701,0.79372,0.96809,0.9468,0.9605,0.54956,0.71407,0.88172,0.42073,0.81788,0.000878678,0.000878678,0.000878678
391,515.214,0.80568,1.06337,0.44745,0.79409,0.99307,0.96571,0.98701,0.79372,0.96809,0.9468,0.9605,0.54956,0.71407,0.88172,0.42073,0.81788,0.000877263,0.000877263,0.000877263
392,516.655,0.84008,1.09156,0.45349,0.82175,0.99184,0.96329,0.9807,0.77928,0.95547,0.92949,0.9504,0.53291,0.72977,0.90258,0.42067,0.8222,0.000875848,0.000875848,0.000875848
393,518.013,1.02864,1.26509,0.46801,0.82137,0.99184,0.96329,0.9807,0.77928,0.95547,0.92949,0.9504,0.53291,0.72977,0.90258,0.42067,0.8222,0.000874434,0.000874434,0.000874434
394,519.304,0.84844,1.00971,0.45308,0.80441,0.98777,0.9659,0.97996,0.77739,0.96274,0.94291,0.95849,0.53053,0.74198,0.91615,0.42627,0.82385,0.000873019,0.000873019,0.000873019
395,520.638,0.91679,1.13977,0.47623,0.82961,0.98777,0.9659,0.97996,0.77739,0.96274,0.94291,0.95849,0.53053,0.74198,0.91615,0.42627,0.82385,0.000871604,0.000871604,0.000871604
396,522.011,0.88667,1.18379,0.48639,0.86133,0.98749,0.9632,0.98047,0.80758,0.95178,0.91992,0.94691,0.54085,0.67826,0.83356,0.41681,0.81461,0.00087019,0.00087019,0.00087019
397,523.321,0.94559,1.11708,0.4758,0.8386,0.98749,0.9632,0.98047,0.80758,0.95178,0.91992,0.94691,0.54085,0.67826,0.83356,0.41681,0.81461,0.000868775,0.000868775,0.000868775
398,524.645,0.84153,1.08101,0.47096,0.84522,0.98741,0.96571,0.98163,0.82142,0.96532,0.93142,0.95619,0.52595,0.67347,0.81702,0.40963,0.81428,0.00086736,0.00086736,0.00086736
399,525.893,0.95804,1.25074,0.47377,0.82711,0.98741,0.96571,0.98163,0.82142,0.96532,0.93142,0.95619,0.52595,0.67347,0.81702,0.40963,0.81428,0.000865945,0.000865945,0.000865945
400,527.199,0.93642,1.13298,0.46203,0.82077,0.98611,0.97525,0.98192,0.80011,0.9635,0.94027,0.9557,0.50772,0.72313,0.81116,0.41924,0.81819,0.000864531,0.000864531,0.000864531
401,528.446,0.92979,1.26046,0.49271,0.83804,0.98611,0.97525,0.98192,0.80011,0.9635,0.94027,0.9557,0.50772,0.72313,0.81116,0.41924,0.81819,0.000863116,0.000863116,0.000863116
402,529.787,0.85826,1.21366,0.45366,0.81125,0.98195,0.97355,0.98169,0.7564,0.94757,0.91607,0.91756,0.44057,0.89428,0.95116,0.46179,0.82832,0.000861701,0.000861701,0.000861701
403,531.065,1.0019,1.24693,0.48525,0.83571,0.98195,0.97355,0.98169,0.7564,0.94757,0.91607,0.91756,0.44057,0.89428,0.95116,0.46179,0.82832,0.000860287,0.000860287,0.000860287
404,532.42,0.86022,1.04028,0.4656,0.84278,0.98347,0.95378,0.97516,0.73887,0.93349,0.90881,0.92444,0.43807,0.983,1.18305,0.48296,0.83486,0.000858872,0.000858872,0.000858872
405,533.702,0.90009,1.08145,0.47637,0.8209,0.98347,0.95378,0.97516,0.73887,0.93349,0.90881,0.92444,0.43807,0.983,1.18305,0.48296,0.83486,0.000857457,0.000857457,0.000857457
406,534.981,0.95867,1.12494,0.45747,0.81479,0.98055,0.95097,0.9748,0.75109,0.93041,0.90553,0.91441,0.43192,0.89896,1.18484,0.46196,0.82759,0.000856042,0.000856042,0.000856042
407,536.298,0.92877,1.19108,0.46039,0.81326,0.98055,0.95097,0.9748,0.75109,0.93041,0.90553,0.91441,0.43192,0.89896,1.18484,0.46196,0.82759,0.000854628,0.000854628,0.000854628
408,537.638,0.96506,1.22738,0.49224,0.84335,0.9868,0.96435,0.98146,0.79671,0.96184,0.94174,0.94746,0.51481,0.73683,0.9533,0.4235,0.81412,0.000853213,0.000853213,0.000853213
409,538.924,0.99478,1.16535,0.48322,0.80521,0.9868,0.96435,0.98146,0.79671,0.96184,0.94174,0.94746,0.51481,0.73683,0.9533,0.4235,0.81412,0.000851798,0.000851798,0.000851798
410,540.213,0.94984,1.03178,0.50588,0.85227,0.98951,0.96448,0.98276,0.79442,0.96459,0.94175,0.95631,0.55652,0.77581,0.87714,0.42696,0.81597,0.000850384,0.000850384,0.000850384
411,541.488,1.01494,1.1904,0.49248,0.82713,0.98951,0.96448,0.98276,0.79442,0.96459,0.94175,0.95631,0.55652,0.77581,0.87714,0.42696,0.81597,0.000848969,0.000848969,0.000848969
412,542.9,1.01902,1.10045,0.49316,0.86934,0.99158,0.9659,0.98495,0.80427,0.94287,0.92031,0.9181,0.52467,0.7803,0.83042,0.42695,0.81727,0.000847554,0.000847554,0.000847554
413,544.224,0.96624,1.23382,0.47717,0.82229,0.99158,0.9659,0.98495,0.80427,0.94287,0.92031,0.9181,0.52467,0.7803,0.83042,0.42695,0.81727,0.000846139,0.000846139,0.000846139
414,545.533,0.93924,1.11442,0.48509,0.81504,0.98752,0.9659,0.98624,0.80138,0.95165,0.9318,0.93925,0.49283,0.75917,0.85011,0.43415,0.81469,0.000844725,0.000844725,0.000844725
415,546.826,0.91954,1.04163,0.48362,0.81073,0.98752,0.9659,0.98624,0.80138,0.95165,0.9318,0.93925,0.49283,0.75917,0.85011,0.43415,0.81469,0.00084331,0.00084331,0.00084331
416,548.145,0.87605,1.07642,0.47566,0.81582,0.98452,0.96554,0.9865,0.77821,0.94838,0.9318,0.94135,0.47933,0.77928,0.97898,0.44105,0.81597,0.000841895,0.000841895,0.000841895
417,549.438,0.95887,1.06579,0.48252,0.80428,0.98452,0.96554,0.9865,0.77821,0.94838,0.9318,0.94135,0.47933,0.77928,0.97898,0.44105,0.81597,0.000840481,0.000840481,0.000840481
418,550.683,1.02494,1.25532,0.50709,0.82466,0.97878,0.96673,0.98688,0.79183,0.92998,0.9217,0.92245,0.48409,0.73486,0.97918,0.42189,0.81558,0.000839066,0.000839066,0.000839066
419,551.949,0.96385,1.2658,0.47163,0.81364,0.97878,0.96673,0.98688,0.79183,0.92998,0.9217,0.92245,0.48409,0.73486,0.97918,0.42189,0.81558,0.000837651,0.000837651,0.000837651
420,553.239,0.81798,1.02497,0.45801,0.82113,0.98614,0.97739,0.9873,0.81692,0.95041,0.9433,0.94786,0.53002,0.6845,0.84762,0.40586,0.81103,0.000836237,0.000836237,0.000836237
421,554.519,0.85001,0.91352,0.46243,0.82402,0.98614,0.97739,0.9873,0.81692,0.95041,0.9433,0.94786,0.53002,0.6845,0.84762,0.40586,0.81103,0.000834822,0.000834822,0.000834822
422,555.853,0.85544,1.18697,0.46751,0.80727,0.98664,0.97739,0.98734,0.81342,0.95395,0.96628,0.96787,0.54575,0.69688,0.79532,0.40167,0.81176,0.000833407,0.000833407,0.000833407
423,557.187,0.92001,0.92637,0.5114,0.8014,0.98664,0.97739,0.98734,0.81342,0.95395,0.96628,0.96787,0.54575,0.69688,0.79532,0.40167,0.81176,0.000831992,0.000831992,0.000831992
424,558.55,0.80955,0.99424,0.448,0.79756,0.98952,0.98766,0.98768,0.80671,0.96662,0.96522,0.96791,0.54302,0.75097,0.80931,0.41909,0.81534,0.000830578,0.000830578,0.000830578
425,559.866,0.88509,1.11284,0.47754,0.82638,0.98952,0.98766,0.98768,0.80671,0.96662,0.96522,0.96791,0.54302,0.75097,0.80931,0.41909,0.81534,0.000829163,0.000829163,0.000829163
426,561.174,0.93469,1.15968,0.48475,0.82424,0.99058,0.97739,0.98734,0.80577,0.96721,0.95479,0.9676,0.53248,0.748,0.84838,0.41484,0.81579,0.000827748,0.000827748,0.000827748
